ID,Loss (MSE),Val_Loss (MSE),MAE,Val_MAE,MAPE,Val_MAPE,RMSE,Val_RMSE,R2,Val_R2,num_layers,neurons_0,act_0,dropout_0,optimizer,learning_rate,tuner/epochs,tuner/initial_epoch,tuner/bracket,tuner/round,neurons_1,act_1,dropout_1,neurons_2,act_2,dropout_2,neurons_3,act_3,dropout_3,neurons_4,act_4,dropout_4,tuner/trial_id
1,0.03129914030432701,0.022159431129693985,0.13528911769390106,0.1046617329120636,16447720.0,13054899.0,0.17691563069820404,0.14886043965816498,0.5248407125473022,0.6203004121780396,1,128,elu,0.2,adam,0.01,40,0,0,0,512,relu,0.1,64,elu,0.2,64,relu,0.30000000000000004,64.0,relu,0.2,
2,0.03203129395842552,0.022372964769601822,0.13895612955093384,0.10309286415576935,17201524.0,15304660.0,0.17897288501262665,0.14957594871520996,0.5137267112731934,0.6166415214538574,1,64,relu,0.4,adam,0.005,14,5,3,2,512,tanh,0.2,1024,tanh,0.1,1024,elu,0.5,64.0,tanh,0.30000000000000004,0034
3,0.029414189979434013,0.023396071046590805,0.1320890337228775,0.1092580258846283,16054630.0,15622335.0,0.1715056598186493,0.1529577374458313,0.5534586906433105,0.5991107225418091,1,64,relu,0.4,adam,0.005,40,14,3,3,512,tanh,0.2,1024,tanh,0.1,1024,elu,0.5,64.0,tanh,0.30000000000000004,0046
4,0.030838659033179283,0.023834438994526863,0.13437579572200775,0.11348381638526917,19823018.0,16456617.0,0.17560939490795135,0.1543840616941452,0.5318333506584167,0.5915993452072144,3,128,tanh,0.2,sgd,0.0005,40,14,1,1,1024,elu,0.2,64,elu,0.5,128,elu,0.2,512.0,relu,0.5,0072
5,0.048761941492557526,0.023932212963700294,0.17165030539035797,0.11030717939138412,17567206.0,16810634.0,0.2208210676908493,0.1547003984451294,0.2597348093986511,0.5899239778518677,2,64,tanh,0.2,adam,0.005,14,5,2,1,256,tanh,0.30000000000000004,1024,relu,0.30000000000000004,256,tanh,0.4,256.0,elu,0.2,0057
6,0.03095892071723938,0.02407815307378769,0.13655002415180206,0.1110357940196991,20109286.0,17477598.0,0.17595146596431732,0.15517136454582214,0.5300068855285645,0.5874233245849609,5,64,elu,0.30000000000000004,rmsprop,0.005,40,14,1,1,512,relu,0.1,1024,elu,0.30000000000000004,256,tanh,0.5,64.0,tanh,0.30000000000000004,0070
7,0.032988324761390686,0.024182887747883797,0.13951872289180756,0.11138948053121567,17550006.0,12837786.0,0.18162688612937927,0.15550848841667175,0.4991971254348755,0.5856286883354187,3,1024,tanh,0.5,sgd,0.001,14,0,1,0,1024,tanh,0.4,512,relu,0.1,256,elu,0.5,1024.0,relu,0.5,
8,0.030057314783334732,0.0244758240878582,0.13302341103553772,0.1122189611196518,15367986.0,12152290.0,0.17337045073509216,0.15644751489162445,0.5436941385269165,0.5806092023849487,2,64,tanh,0.2,adam,0.005,40,14,2,2,256,tanh,0.30000000000000004,1024,relu,0.30000000000000004,256,tanh,0.4,256.0,elu,0.2,0064
9,0.03043460287153721,0.02508254162967205,0.13472650945186615,0.10966240614652634,16390426.0,13375884.0,0.1744551658630371,0.15837468206882477,0.5379659533500671,0.5702131986618042,3,1024,tanh,0.2,rmsprop,0.01,14,5,2,1,256,elu,0.2,64,relu,0.5,128,relu,0.4,512.0,relu,0.5,0052
10,0.030423905700445175,0.02535366453230381,0.13282160460948944,0.11467418074607849,17346658.0,13038374.0,0.17442449927330017,0.1592283397912979,0.5381283760070801,0.5655674934387207,3,1024,tanh,0.5,sgd,0.001,40,14,1,1,1024,tanh,0.4,512,relu,0.1,256,elu,0.5,1024.0,relu,0.5,0073
11,0.10194569826126099,0.025431806221604347,0.23928797245025635,0.11464948952198029,23545102.0,16584800.0,0.31928935647010803,0.15947352349758148,-0.5476547479629517,0.5642285943031311,3,256,tanh,0.1,adam,0.005,5,2,3,1,512,elu,0.2,64,relu,0.5,256,tanh,0.4,128.0,tanh,0.4,0002
12,0.04233486205339432,0.02547496184706688,0.15808364748954773,0.1151389628648758,14712057.0,12103999.0,0.2057543694972992,0.15960878133773804,0.357305645942688,0.5634890794754028,1,256,tanh,0.30000000000000004,adam,0.01,40,0,0,0,64,relu,0.30000000000000004,64,elu,0.30000000000000004,1024,tanh,0.30000000000000004,1024.0,tanh,0.1,
13,0.02919469214975834,0.025800421833992004,0.1299971640110016,0.10986745357513428,16692970.0,11139282.0,0.170864537358284,0.16062510013580322,0.5567886233329773,0.5579123497009277,3,256,tanh,0.1,adam,0.005,14,5,3,2,512,elu,0.2,64,relu,0.5,256,tanh,0.4,128.0,tanh,0.4,0042
14,0.036917801946401596,0.025872139260172844,0.15148261189460754,0.12609662115573883,20276688.0,16035122.0,0.19214005768299103,0.16084818542003632,0.43954288959503174,0.5566835403442383,5,64,elu,0.30000000000000004,rmsprop,0.005,14,0,1,0,512,relu,0.1,1024,elu,0.30000000000000004,256,tanh,0.5,64.0,tanh,0.30000000000000004,
15,0.07145572453737259,0.025877155363559723,0.19178172945976257,0.11709881573915482,21792348.0,19616004.0,0.26731204986572266,0.16086377203464508,-0.08478307723999023,0.5565975904464722,1,64,relu,0.4,adam,0.005,5,2,3,1,512,tanh,0.2,1024,tanh,0.1,1024,elu,0.5,64.0,tanh,0.30000000000000004,0008
16,0.036476314067840576,0.025914475321769714,0.14683982729911804,0.12042707204818726,20925044.0,15397793.0,0.1909877359867096,0.1609797328710556,0.44624632596969604,0.555958092212677,1,64,relu,0.5,sgd,0.01,14,5,2,1,64,relu,0.5,64,relu,0.2,1024,relu,0.1,128.0,tanh,0.30000000000000004,0056
17,0.537901759147644,0.027527853846549988,0.5539339780807495,0.11814574897289276,45365020.0,19580608.0,0.7334178686141968,0.16591520607471466,-7.165985107421875,0.5283130407333374,1,256,relu,0.4,adam,0.0005,14,5,3,2,256,relu,0.4,512,elu,0.5,64,elu,0.1,1024.0,tanh,0.5,0035
18,0.20287993550300598,0.028023965656757355,0.350162148475647,0.12267253547906876,30534346.0,20973916.0,0.4504219591617584,0.16740359365940094,-2.0799672603607178,0.5198122262954712,2,64,tanh,0.2,adam,0.005,5,0,2,0,256,tanh,0.30000000000000004,1024,relu,0.30000000000000004,256,tanh,0.4,256.0,elu,0.2,
19,0.03613835200667381,0.028512800112366676,0.14855226874351501,0.13358734548091888,18755880.0,18178064.0,0.19010089337825775,0.16885733604431152,0.4513753056526184,0.5114361047744751,3,128,tanh,0.2,sgd,0.0005,14,0,1,0,1024,elu,0.2,64,elu,0.5,128,elu,0.2,512.0,relu,0.5,
20,0.0436360202729702,0.030933236703276634,0.1588398963212967,0.12916943430900574,22206274.0,22658202.0,0.208892360329628,0.17587846517562866,0.33755218982696533,0.46996212005615234,1,64,relu,0.5,sgd,0.01,5,0,2,0,64,relu,0.5,64,relu,0.2,1024,relu,0.1,128.0,tanh,0.30000000000000004,
21,0.3007558584213257,0.031294625252485275,0.4306696057319641,0.1367775946855545,33241996.0,14476988.0,0.5484121441841125,0.1769028753042221,-3.5658349990844727,0.463769793510437,2,128,elu,0.30000000000000004,adam,0.0005,14,0,1,0,256,tanh,0.1,64,tanh,0.1,256,elu,0.2,64.0,relu,0.30000000000000004,
22,1.0974395275115967,0.032144226133823395,0.8036904335021973,0.1411675363779068,57104512.0,19338320.0,1.047587513923645,0.1792881041765213,-15.660449981689453,0.4492119550704956,1,256,relu,0.4,adam,0.0005,5,2,3,1,256,relu,0.4,512,elu,0.5,64,elu,0.1,1024.0,tanh,0.5,0013
23,0.49297404289245605,0.03529224544763565,0.5591906905174255,0.14279919862747192,43925288.0,17082526.0,0.7021210789680481,0.1878623068332672,-6.483941555023193,0.3952709436416626,2,512,tanh,0.5,adam,0.001,40,0,0,0,128,tanh,0.2,512,tanh,0.30000000000000004,128,tanh,0.30000000000000004,64.0,tanh,0.5,
24,0.0683252289891243,0.035421036183834076,0.2086223065853119,0.1463506817817688,18768288.0,21696372.0,0.26139095425605774,0.18820476531982422,-0.037259578704833984,0.39306414127349854,3,256,relu,0.30000000000000004,sgd,0.001,5,2,3,1,512,tanh,0.1,64,relu,0.4,256,tanh,0.5,256.0,elu,0.1,0006
25,0.05213477462530136,0.03679925203323364,0.18331106007099152,0.15963000059127808,17099634.0,19924452.0,0.22833040356636047,0.1918313056230545,0.2085307240486145,0.36944854259490967,2,256,elu,0.2,sgd,0.001,5,2,3,1,64,elu,0.5,512,relu,0.1,256,relu,0.5,64.0,elu,0.30000000000000004,0031
26,0.07880455255508423,0.03684194013476372,0.21910513937473297,0.13781994581222534,19620122.0,16554564.0,0.2807214856147766,0.19194254279136658,-0.19634580612182617,0.3687170743942261,4,512,relu,0.1,sgd,0.0005,14,5,2,1,512,relu,0.2,512,tanh,0.1,128,relu,0.2,512.0,relu,0.4,0053
27,0.09389860928058624,0.03729286044836044,0.22747060656547546,0.14768090844154358,19706128.0,21861132.0,0.30642879009246826,0.19311359524726868,-0.42549431324005127,0.36099064350128174,1,64,elu,0.2,rmsprop,0.01,5,2,3,1,256,relu,0.1,512,elu,0.1,256,tanh,0.30000000000000004,1024.0,elu,0.30000000000000004,0014
28,0.09723316133022308,0.03782601282000542,0.24232268333435059,0.14125767350196838,22491324.0,25840100.0,0.3118223249912262,0.19448910653591156,-0.47611379623413086,0.3518550992012024,3,1024,tanh,0.2,rmsprop,0.01,5,0,2,0,256,elu,0.2,64,relu,0.5,128,relu,0.4,512.0,relu,0.5,
29,0.33886855840682983,0.03834196925163269,0.460885614156723,0.1506117880344391,28725290.0,22483244.0,0.5821241736412048,0.19581104815006256,-4.144439220428467,0.3430142402648926,4,512,relu,0.1,sgd,0.0005,5,0,2,0,512,relu,0.2,512,tanh,0.1,128,relu,0.2,512.0,relu,0.4,
30,0.04605304077267647,0.038671962916851044,0.15406018495559692,0.15724733471870422,17905178.0,21494768.0,0.21459972858428955,0.1966518759727478,0.3008580803871155,0.33735984563827515,1,64,tanh,0.1,sgd,0.005,5,0,2,0,512,relu,0.2,512,tanh,0.30000000000000004,64,tanh,0.5,512.0,tanh,0.2,
31,0.4723460078239441,0.039047304540872574,0.5041870474815369,0.14553076028823853,43612788.0,24888152.0,0.6872743368148804,0.19760391116142273,-6.170779228210449,0.33092838525772095,1,64,relu,0.4,adam,0.005,2,0,3,0,512,tanh,0.2,1024,tanh,0.1,1024,elu,0.5,64.0,tanh,0.30000000000000004,
32,0.4213973581790924,0.039456114172935486,0.487214595079422,0.15515214204788208,26923192.0,19033526.0,0.6491512656211853,0.19863563776016235,-5.397310733795166,0.3239234685897827,2,64,elu,0.30000000000000004,sgd,0.0005,5,2,3,1,128,relu,0.1,64,elu,0.2,1024,elu,0.1,1024.0,elu,0.2,0033
33,1.7641544342041016,0.039458341896533966,1.0216037034988403,0.1532531976699829,70330160.0,22758516.0,1.3282147645950317,0.19864124059677124,-25.78200912475586,0.32388532161712646,1,256,relu,0.4,adam,0.0005,2,0,3,0,256,relu,0.4,512,elu,0.5,64,elu,0.1,1024.0,tanh,0.5,
34,0.4924828112125397,0.039590366184711456,0.5400017499923706,0.16002157330513,36149504.0,21977544.0,0.7017711997032166,0.19897328317165375,-6.476487636566162,0.3216230869293213,3,256,relu,0.30000000000000004,sgd,0.001,2,0,3,0,512,tanh,0.1,64,relu,0.4,256,tanh,0.5,256.0,elu,0.1,
35,0.07013898342847824,0.04024994373321533,0.2069532871246338,0.16133150458335876,18868590.0,20417236.0,0.2648376524448395,0.20062388479709625,-0.06479394435882568,0.3103213310241699,3,512,tanh,0.5,rmsprop,0.005,5,2,3,1,64,relu,0.4,64,relu,0.5,512,relu,0.2,512.0,tanh,0.4,0030
36,0.5712143778800964,0.04105885699391365,0.5187791585922241,0.15098199248313904,41194728.0,22328716.0,0.7557872533798218,0.20262984931468964,-7.671733856201172,0.2964606285095215,1,64,elu,0.2,rmsprop,0.01,2,0,3,0,256,relu,0.1,512,elu,0.1,256,tanh,0.30000000000000004,1024.0,elu,0.30000000000000004,
37,0.5062999725341797,0.04231971874833107,0.5370701551437378,0.16680416464805603,43596256.0,18267044.0,0.7115476131439209,0.2057175636291504,-6.686245441436768,0.27485591173171997,3,512,tanh,0.5,rmsprop,0.005,2,0,3,0,64,relu,0.4,64,relu,0.5,512,relu,0.2,512.0,tanh,0.4,
38,0.07626985758543015,0.04233727976679802,0.2117084264755249,0.16974735260009766,14783850.0,19949924.0,0.2761699855327606,0.20576025545597076,-0.15786921977996826,0.2745550274848938,2,256,elu,0.1,sgd,0.001,5,0,2,0,128,relu,0.4,64,elu,0.4,256,tanh,0.2,128.0,relu,0.5,
39,2.349473476409912,0.044541552662849426,1.1279107332229614,0.16042682528495789,80500864.0,22641126.0,1.532799243927002,0.2110486924648285,-34.667808532714844,0.23678499460220337,1,1024,elu,0.5,adam,0.001,2,0,3,0,64,relu,0.1,512,elu,0.1,512,tanh,0.30000000000000004,1024.0,relu,0.2,
40,0.2133699357509613,0.045120224356651306,0.31949228048324585,0.17400147020816803,27185362.0,19863234.0,0.4619198441505432,0.21241521835327148,-2.239215135574341,0.22686952352523804,1,64,elu,0.4,rmsprop,0.005,5,0,2,0,256,relu,0.4,64,elu,0.4,1024,elu,0.30000000000000004,256.0,relu,0.30000000000000004,
41,1.8043901920318604,0.045800141990184784,1.0490721464157104,0.16748352348804474,77407040.0,26089216.0,1.3432759046554565,0.21400967240333557,-26.392850875854492,0.21521919965744019,1,1024,elu,0.5,adam,0.001,5,2,3,1,64,relu,0.1,512,elu,0.1,512,tanh,0.30000000000000004,1024.0,relu,0.2,0032
42,0.3056190311908722,0.047879818826913834,0.42853859066963196,0.16844958066940308,30023776.0,23618128.0,0.5528281927108765,0.21881458163261414,-3.6396613121032715,0.17958414554595947,5,64,relu,0.30000000000000004,adam,0.001,5,2,3,1,512,relu,0.4,64,tanh,0.1,128,relu,0.30000000000000004,64.0,relu,0.1,0003
43,0.5026376247406006,0.048865482211112976,0.5267834067344666,0.18056800961494446,37828908.0,22678040.0,0.7089694142341614,0.22105538845062256,-6.630630016326904,0.16269493103027344,2,256,elu,0.2,sgd,0.001,2,0,3,0,64,elu,0.5,512,relu,0.1,256,relu,0.5,64.0,elu,0.30000000000000004,
44,0.7902406454086304,0.04976801574230194,0.6942465901374817,0.16934329271316528,40826980.0,27362210.0,0.8889548182487488,0.22308745980262756,-10.996807098388672,0.1472300887107849,5,64,relu,0.30000000000000004,adam,0.001,2,0,3,0,512,relu,0.4,64,tanh,0.1,128,relu,0.30000000000000004,64.0,relu,0.1,
45,1.2149217128753662,0.0527663454413414,0.8416935205459595,0.18397393822669983,56528436.0,17703190.0,1.1022348403930664,0.22970926761627197,-17.443950653076172,0.09585404396057129,2,256,elu,0.2,adam,0.001,5,0,2,0,128,relu,0.4,128,elu,0.30000000000000004,512,relu,0.5,256.0,tanh,0.2,
46,0.37177368998527527,0.053551577031612396,0.44344526529312134,0.1889205276966095,40930228.0,25761176.0,0.609732449054718,0.2314121425151825,-4.643964767456055,0.08239918947219849,1,512,tanh,0.2,sgd,0.001,5,0,2,0,256,tanh,0.4,128,tanh,0.5,512,tanh,0.1,64.0,tanh,0.5,
47,0.3409746289253235,0.05376610904932022,0.4325961470603943,0.1834431141614914,34863800.0,17688910.0,0.5839303135871887,0.2318751960992813,-4.1764068603515625,0.07872319221496582,2,512,tanh,0.2,rmsprop,0.001,40,0,0,0,512,relu,0.2,256,relu,0.2,64,tanh,0.2,1024.0,tanh,0.2,
48,0.6702982187271118,0.0548429861664772,0.6510646939277649,0.20142288506031036,39233540.0,21181142.0,0.8187174201011658,0.23418579995632172,-9.175915718078613,0.06027102470397949,5,256,tanh,0.2,sgd,0.001,5,0,2,0,64,tanh,0.30000000000000004,512,relu,0.5,64,elu,0.4,1024.0,tanh,0.5,
49,0.408043771982193,0.055966224521398544,0.4673592746257782,0.19780094921588898,31678354.0,12517820.0,0.6387830376625061,0.23657181859016418,-5.19460391998291,0.04102444648742676,1,1024,relu,0.5,sgd,0.0001,14,0,1,0,512,elu,0.4,256,tanh,0.30000000000000004,256,tanh,0.5,256.0,relu,0.4,
50,0.9317141175270081,0.05866021662950516,0.715110719203949,0.17072793841362,55251292.0,22116916.0,0.9652534127235413,0.24219870567321777,-13.144545555114746,-0.005136847496032715,3,256,tanh,0.1,adam,0.005,2,0,3,0,512,elu,0.2,64,relu,0.5,256,tanh,0.4,,,,
51,0.034092389047145844,0.0589926652610302,0.13851822912693024,0.16882342100143433,15826231.0,6206496.5,0.18464124202728271,0.2428840547800064,0.4824363589286804,-0.010833382606506348,4,1024,elu,0.2,rmsprop,0.01,14,0,1,0,512,tanh,0.1,64,elu,0.2,256,relu,0.5,512.0,elu,0.30000000000000004,
52,0.9838653206825256,0.06117972359061241,0.7863579392433167,0.19152027368545532,54453600.0,29331394.0,0.991899847984314,0.24734535813331604,-13.936264038085938,-0.048308372497558594,5,1024,relu,0.30000000000000004,rmsprop,0.0005,40,0,0,0,64,elu,0.2,1024,tanh,0.2,512,relu,0.30000000000000004,512.0,tanh,0.1,
53,1.6279820203781128,0.06401324272155762,0.9228944778442383,0.21221435070037842,86087904.0,12601401.0,1.2759239673614502,0.2530083954334259,-23.714746475219727,-0.09686040878295898,1,512,elu,0.1,rmsprop,0.005,14,0,1,0,128,tanh,0.30000000000000004,256,relu,0.1,64,elu,0.5,1024.0,elu,0.4,
54,0.34696289896965027,0.06465460360050201,0.4713912606239319,0.2003782093524933,39326572.0,26290462.0,0.5890355706214905,0.2542726993560791,-4.267315864562988,-0.1078500747680664,5,1024,tanh,0.1,rmsprop,0.001,5,2,3,1,512,elu,0.5,128,elu,0.30000000000000004,256,tanh,0.1,64.0,elu,0.1,0025
55,0.598014235496521,0.06502881646156311,0.5884575247764587,0.21640199422836304,39305032.0,12442116.0,0.7733138203620911,0.25500747561454773,-8.078583717346191,-0.11426222324371338,2,64,elu,0.30000000000000004,sgd,0.0005,2,0,3,0,128,relu,0.1,64,elu,0.2,1024,elu,0.1,1024.0,elu,0.2,
56,0.32450947165489197,0.06612567603588104,0.45023593306541443,0.21213237941265106,31716390.0,16515114.0,0.5696573257446289,0.2571491301059723,-3.926443099975586,-0.13305675983428955,5,512,elu,0.1,adam,0.001,5,0,2,0,128,relu,0.30000000000000004,1024,tanh,0.4,128,tanh,0.2,64.0,relu,0.1,
57,1.0946816205978394,0.0670318678021431,0.8144885301589966,0.2130790501832962,45224304.0,22674082.0,1.0462703704833984,0.2589051425457001,-15.618589401245117,-0.148584246635437,5,1024,tanh,0.1,rmsprop,0.001,2,0,3,0,512,elu,0.5,128,elu,0.30000000000000004,256,tanh,0.1,64.0,elu,0.1,
58,1.2088840007781982,0.0684569776058197,0.8903230428695679,0.22548383474349976,53525696.0,17016400.0,1.0994926691055298,0.26164284348487854,-17.35232925415039,-0.17300331592559814,5,512,elu,0.5,rmsprop,0.0005,2,0,3,0,256,elu,0.1,64,relu,0.1,64,tanh,0.30000000000000004,64.0,relu,0.2,
59,0.16121913492679596,0.07158215343952179,0.30503687262535095,0.2240273356437683,27945478.0,27483430.0,0.4015210270881653,0.26754841208457947,-1.447504997253418,-0.22655296325683594,1,128,elu,0.2,sgd,0.005,2,0,3,0,256,relu,0.4,128,tanh,0.5,256,tanh,0.30000000000000004,64.0,tanh,0.1,
60,2.759230613708496,0.0717068612575531,1.3318685293197632,0.22547367215156555,82698448.0,21865234.0,1.6610932350158691,0.2677813768386841,-40.88845443725586,-0.2286897897720337,4,512,relu,0.4,adam,0.0001,2,0,3,0,512,tanh,0.2,1024,tanh,0.4,1024,relu,0.4,128.0,tanh,0.4,
61,1.3271254301071167,0.07709427177906036,0.9064732789993286,0.2167818695306778,75887280.0,26385428.0,1.1520092487335205,0.2776585519313812,-19.14737892150879,-0.3210024833679199,3,256,elu,0.30000000000000004,rmsprop,0.005,5,0,2,0,64,tanh,0.1,256,tanh,0.5,128,tanh,0.1,512.0,relu,0.1,
62,1.0659046173095703,0.0841975212097168,0.7686984539031982,0.24833299219608307,51864864.0,12460637.0,1.0324265956878662,0.29016807675361633,-15.18172836303711,-0.44271600246429443,2,64,tanh,0.1,sgd,0.0001,5,0,2,0,1024,relu,0.30000000000000004,256,tanh,0.1,64,tanh,0.5,1024.0,tanh,0.5,
63,2.9633471965789795,0.08476875722408295,1.3328003883361816,0.23292167484760284,70416312.0,21703744.0,1.7214375734329224,0.2911507487297058,-43.98716735839844,-0.45250403881073,4,512,relu,0.5,rmsprop,0.0005,2,0,3,0,1024,elu,0.1,1024,tanh,0.5,128,tanh,0.30000000000000004,512.0,tanh,0.2,
64,0.19502423703670502,0.08784541487693787,0.3442673087120056,0.2468549907207489,27160476.0,24807102.0,0.441615492105484,0.29638728499412537,-1.9607036113739014,-0.5052223205566406,4,256,relu,0.5,rmsprop,0.01,2,0,3,0,1024,relu,0.30000000000000004,256,tanh,0.4,128,relu,0.30000000000000004,64.0,tanh,0.1,
65,0.09659406542778015,0.08870448172092438,0.2384205162525177,0.2387697994709015,28025300.0,33770180.0,0.3107958436012268,0.2978329658508301,-0.4664168357849121,-0.5199422836303711,4,256,tanh,0.5,sgd,0.01,2,0,3,0,1024,elu,0.1,128,relu,0.4,64,elu,0.1,1024.0,elu,0.4,
66,2.5182437896728516,0.08999425172805786,1.2489780187606812,0.26609885692596436,96263816.0,13425016.0,1.5868974924087524,0.2999904155731201,-37.22990417480469,-0.5420423746109009,5,256,elu,0.2,adam,0.0005,2,0,3,0,256,relu,0.30000000000000004,64,elu,0.5,1024,elu,0.2,64.0,relu,0.5,
67,7.948983669281006,0.0945955216884613,1.8341692686080933,0.2380446493625641,135235312.0,26307956.0,2.819394111633301,0.307563841342926,-119.675048828125,-0.6208846569061279,5,512,relu,0.1,adam,0.01,2,0,3,0,1024,elu,0.30000000000000004,64,tanh,0.30000000000000004,64,elu,0.1,1024.0,relu,0.4,
68,0.7601324319839478,0.11243114620447159,0.6778734922409058,0.2502363920211792,46458588.0,38408884.0,0.8718557357788086,0.3353075385093689,-10.539722442626953,-0.9264962673187256,3,64,tanh,0.4,rmsprop,0.005,2,0,3,0,256,elu,0.4,256,tanh,0.4,128,elu,0.2,64.0,relu,0.5,
69,0.5691400766372681,0.12540140748023987,0.5906617045402527,0.2884490489959717,35154228.0,11937596.0,0.7544137239456177,0.3541206121444702,-7.640224456787109,-1.148740291595459,5,128,tanh,0.5,sgd,0.0001,14,0,1,0,256,relu,0.1,256,tanh,0.2,512,relu,0.1,64.0,tanh,0.4,
70,0.9377474784851074,0.12851959466934204,0.7737935185432434,0.3173615038394928,45366416.0,15851969.0,0.9683735966682434,0.3584963083267212,-13.236146926879883,-1.2021701335906982,5,128,tanh,0.1,sgd,0.0005,2,0,3,0,128,tanh,0.30000000000000004,64,relu,0.2,256,relu,0.5,256.0,relu,0.2,
71,2.3514456748962402,0.15451723337173462,1.18980073928833,0.3532640039920807,87390584.0,9860981.0,1.5334423780441284,0.3930867910385132,-34.697731018066406,-1.647637128829956,2,128,elu,0.4,rmsprop,0.0001,2,0,3,0,1024,relu,0.4,256,relu,0.2,64,elu,0.2,1024.0,relu,0.1,
72,0.6176230311393738,0.15984633564949036,0.6419193148612976,0.36544764041900635,31460794.0,10233971.0,0.7858899831771851,0.399807870388031,-8.376249313354492,-1.7389507293701172,1,512,relu,0.2,sgd,0.0001,2,0,3,0,256,relu,0.30000000000000004,128,tanh,0.2,64,tanh,0.1,1024.0,elu,0.2,
73,0.4602592885494232,0.18164366483688354,0.5386961698532104,0.3382602035999298,34251516.0,31188476.0,0.6784241199493408,0.42619675397872925,-5.987277507781982,-2.112445831298828,3,64,tanh,0.2,rmsprop,0.005,2,0,3,0,1024,relu,0.5,64,tanh,0.2,128,tanh,0.5,,,,
74,12.874180793762207,0.19458307325839996,1.9156193733215332,0.34935319423675537,140069616.0,20902366.0,3.5880608558654785,0.44111570715904236,-194.44541931152344,-2.3341612815856934,3,1024,relu,0.2,rmsprop,0.01,5,0,2,0,512,relu,0.4,512,tanh,0.4,256,relu,0.1,1024.0,relu,0.30000000000000004,
75,0.8750246167182922,0.19903384149074554,0.739891767501831,0.405794620513916,44593932.0,7791812.0,0.9354274868965149,0.446132093667984,-12.283903121948242,-2.4104247093200684,4,64,tanh,0.2,rmsprop,0.0005,2,0,3,0,64,relu,0.1,64,relu,0.1,64,relu,0.1,,,,
76,0.2393535077571869,0.22123116254806519,0.3706035315990448,0.3894270956516266,30225906.0,34813824.0,0.4892376661300659,0.4703521728515625,-2.633679151535034,-2.790773391723633,4,512,elu,0.1,adam,0.01,2,0,3,0,512,relu,0.2,64,relu,0.2,128,elu,0.2,64.0,relu,0.5,
77,3.4870378971099854,0.2273629605770111,1.4696961641311646,0.4419109523296356,80820096.0,5599378.5,1.8673611879348755,0.47682592272758484,-51.93739318847656,-2.895841121673584,3,256,elu,0.4,adam,0.0001,2,0,3,0,64,tanh,0.1,1024,elu,0.5,512,elu,0.1,64.0,elu,0.2,
78,0.509206235408783,0.2667635977268219,0.5214976072311401,0.3691329061985016,43103856.0,48973656.0,0.7135868668556213,0.5164916515350342,-6.730366230010986,-3.570967197418213,5,256,relu,0.2,rmsprop,0.01,2,0,3,0,128,elu,0.5,256,relu,0.30000000000000004,64,elu,0.5,256.0,relu,0.5,
79,3.0673887729644775,0.31068217754364014,1.2632843255996704,0.5104478001594543,99016264.0,8462190.0,1.7513961791992188,0.5573887228965759,-45.56659698486328,-4.323507785797119,1,128,tanh,0.5,adam,0.0001,2,0,3,0,64,tanh,0.4,512,elu,0.1,128,relu,0.5,256.0,elu,0.2,
80,2.1490511894226074,0.3258286416530609,1.1703979969024658,0.5310963988304138,75573664.0,2669865.5,1.4659641981124878,0.5708140134811401,-31.625106811523438,-4.583040714263916,5,128,tanh,0.2,sgd,0.0001,2,0,3,0,64,tanh,0.4,128,tanh,0.4,256,relu,0.1,64.0,relu,0.2,
81,1.5596799850463867,0.34812629222869873,1.003149151802063,0.5473209619522095,64228440.0,3312675.75,1.2488714456558228,0.5900222659111023,-22.6778507232666,-4.965108871459961,4,512,tanh,0.1,rmsprop,0.0001,2,0,3,0,256,relu,0.2,256,tanh,0.5,64,relu,0.1,256.0,tanh,0.1,
82,2.03069806098938,0.4192783534526825,1.1187794208526611,0.6036567091941833,68785104.0,5761604.0,1.4250255823135376,0.6475170850753784,-29.828433990478516,-6.184291839599609,1,256,elu,0.4,sgd,0.0001,2,0,3,0,256,relu,0.30000000000000004,512,relu,0.30000000000000004,128,elu,0.4,256.0,tanh,0.1,
83,0.854794979095459,1.9401975870132446,0.7238572835922241,1.0938446521759033,66745828.0,108689264.0,0.924551248550415,1.3929097652435303,-11.976806640625,-32.24509048461914,5,1024,tanh,0.5,rmsprop,0.005,2,0,3,0,512,elu,0.2,256,relu,0.4,512,tanh,0.1,256.0,relu,0.4,
84,,,,,,,,,,,5,1024,elu,0.4,sgd,0.01,2,0,3,0,1024,relu,0.2,256,relu,0.4,512,relu,0.2,512.0,tanh,0.30000000000000004,
85,,,,,,,,,,,1,1024,tanh,0.5,sgd,0.01,5,0,2,0,128,relu,0.5,256,tanh,0.1,1024,tanh,0.30000000000000004,128.0,tanh,0.5,
