#,Experiment,Loss (GPA²),Val_Loss (GPA²),MAE (GPA),Val_MAE (GPA),RMSE (GPA),Val_RMSE (GPA),R2,Val_R2,Epochs,Trial_ID
1,2L-512-tanh-Drop0.5-128-tanh-Drop0.2-adam-LR0.003,0.7577625615522265,0.4949658955447376,0.6707951948046684,0.5206434242427349,0.870495580136776,0.7035381272435188,0.43191295862197876,0.5811758041381836,40,0068
2,1L-256-tanh-Drop0.30000000000000004-adam-LR0.01,0.499867498409003,0.505999103654176,0.5313068144023418,0.531658485531807,0.7070130631327629,0.711336113512516,0.6252546906471252,0.5718398094177246,40,0070
3,1L-1024-relu-Drop0.5-sgd-LR0.0005,0.6385347079485655,0.5972859123721719,0.617748074233532,0.5740811079740524,0.7990836426615715,0.7728427201509476,0.5212973356246948,0.49459588527679443,40,0065
4,1L-128-elu-Drop0.2-adam-LR0.01,0.6303203590214252,0.6444558436051011,0.6098400503396988,0.5500087179243565,0.7939271628856659,0.8027800619602203,0.5274555683135986,0.4546821713447571,40,0066
5,1L-1024-tanh-Drop0.5-sgd-LR0.01,0.6178406439721584,0.9340291069820523,0.5913886651396751,0.7333703264594078,0.7860283926129341,0.9664518088102341,0.5368112325668335,0.20965462923049927,14,0056
6,1L-1024-relu-Drop0.5-sgd-LR0.0005,0.6254844618961215,0.9356255829334259,0.6151260808110237,0.7409174591302872,0.7908757477998734,0.967277392745018,0.5310810208320618,0.20830374956130981,14,0062
7,5L-1024-tanh-Drop0.1-512-elu-Drop0.5-128-elu-Drop0.30000000000000004-256-tanh-Drop0.1-64-elu-Drop0.1-rmsprop-LR0.002,25.79921069741249,0.9375686924904585,3.400469183921814,0.7467943131923676,5.0792922377586365,0.9682812765240669,-18.341371536254883,0.20665955543518066,2,0025
8,5L-1024-relu-Drop0.30000000000000004-64-elu-Drop0.2-1024-tanh-Drop0.2-512-relu-Drop0.30000000000000004-512-tanh-Drop0.1-rmsprop-LR0.001,0.916995101608336,0.9767540562897921,0.742272712290287,0.8395255208015442,0.9575986415147781,0.9883086606860161,0.3125382661819458,0.1735021471977234,40,0067
9,2L-128-elu-Drop0.30000000000000004-256-tanh-Drop0.1-adam-LR0.001,1.1615253081545234,1.0811533089727163,0.850225456058979,0.8157206475734711,1.0777408182621002,1.0397852137684822,0.12921738624572754,0.08516287803649902,14,0063
10,1L-64-relu-Drop0.4-adam-LR0.005,0.7278218669816852,1.0932052955031395,0.6636991426348686,0.7973638772964478,0.8531247898936272,1.0455645695328712,0.45435917377471924,0.07496488094329834,5,0036
11,1L-1024-tanh-Drop0.5-sgd-LR0.01,0.5941045400686562,1.0933786500245333,0.5739813297986984,0.8246121034026146,0.7707817777991295,1.0456474497914314,0.5546059608459473,0.0748181939125061,5,0053
12,1L-512-tanh-Drop0.2-sgd-LR0.002,0.6098375944420695,1.095230933278799,0.5978355556726456,0.806414857506752,0.780920997262001,1.0465328469872475,0.5428115129470825,0.07325083017349243,5,0052
13,4L-1024-elu-Drop0.2-512-tanh-Drop0.1-64-elu-Drop0.2-256-relu-Drop0.5-rmsprop-LR0.005,1.3454343136399984,1.0960894832387567,0.9148638099431992,0.8641189634799957,1.1599285304546356,1.0469428896903992,-0.008656620979309082,0.07252436876296997,14,0064
14,1L-64-tanh-Drop0.1-sgd-LR0.004,0.5740267974324524,1.099448774009943,0.572783388197422,0.8122117817401886,0.7576455920934677,1.0485460460186005,0.569657564163208,0.06968182325363159,5,0041
15,1L-128-elu-Drop0.2-sgd-LR0.005,0.5986944367177784,1.1049166079610586,0.592893049120903,0.812239944934845,0.7737534642219543,1.0511501356959343,0.551164984703064,0.06505513191223145,5,0038
16,1L-256-relu-Drop0.4-adam-LR0.0005,0.6289512882940471,1.112180675379932,0.6135796532034874,0.8224074617028236,0.7930644974112511,1.054599791765213,0.5284819602966309,0.05890852212905884,5,0035
17,1L-64-relu-Drop0.5-sgd-LR0.01,0.7394222868606448,1.1168850101530552,0.6734717041254044,0.8337263837456703,0.8598966971039772,1.056827835738659,0.4456630349159241,0.054927825927734375,5,0048
18,1L-256-relu-Drop0.4-adam-LR0.0005,1.3651312496513128,1.1298015816137195,0.9853825718164444,0.8425679504871368,1.1683883517980576,1.0629212781786919,-0.02342379093170166,0.04399824142456055,2,0013
19,1L-64-elu-Drop0.4-rmsprop-LR0.004,0.8677497440949082,1.1311929440125823,0.72969751060009,0.8377447351813316,0.9315308555960655,1.0635755360126495,0.3494579792022705,0.04282093048095703,5,0042
20,1L-64-relu-Drop0.4-adam-LR0.005,0.7143401205539703,1.1397809330374002,0.6765758246183395,0.8182742446660995,0.8451864570379257,1.0676052197813988,0.4644674062728882,0.03555405139923096,2,0008
21,5L-64-relu-Drop0.30000000000000004-512-relu-Drop0.4-64-tanh-Drop0.1-128-relu-Drop0.30000000000000004-64-relu-Drop0.1-adam-LR0.002,5.317871578037739,1.1525793699547648,1.6187089830636978,0.8034640252590179,2.306051194667816,1.0735825225710869,-2.986737012863159,0.02472442388534546,2,0003
22,1L-128-elu-Drop0.2-sgd-LR0.005,0.6854846645146608,1.1670582443475723,0.6376457065343857,0.8128276839852333,0.8279399871826172,1.0803046748042107,0.4860997796058655,0.012472867965698242,2,0009
23,1L-512-elu-Drop0.1-rmsprop-LR0.004,0.8260440258309245,1.167905705049634,0.6855624318122864,0.828781932592392,0.9088696092367172,1.0806968808174133,0.38072365522384644,0.011755764484405518,14,0057
24,3L-512-tanh-Drop0.5-64-relu-Drop0.4-64-relu-Drop0.5-rmsprop-LR0.005,1.8635559752583504,1.183440774679184,1.0398763418197632,0.8565037027001381,1.3651212751865387,1.0878606587648392,-0.3970872163772583,-0.0013895034790039062,5,0039
25,3L-512-tanh-Drop0.5-64-relu-Drop0.4-64-relu-Drop0.5-rmsprop-LR0.005,8.229595072567463,1.1854374445974827,1.867065578699112,0.8408210277557373,2.868727147579193,1.0887779742479324,-5.1696391105651855,-0.003079056739807129,2,0030
26,5L-64-relu-Drop0.30000000000000004-512-relu-Drop0.4-64-tanh-Drop0.1-128-relu-Drop0.30000000000000004-64-relu-Drop0.1-adam-LR0.002,3.680562414228916,1.1886183265596628,1.485281690955162,0.8396468907594681,1.9184792339801788,1.0902377665042877,-1.7592711448669434,-0.005770564079284668,5,0037
27,3L-256-elu-Drop0.30000000000000004-64-tanh-Drop0.1-256-tanh-Drop0.5-rmsprop-LR0.004,6.02897635102272,1.1895421296358109,1.8855630308389664,0.8409507125616074,2.4553973972797394,1.0906613543629646,-3.5198636054992676,-0.006552219390869141,5,0050
28,3L-1024-tanh-Drop0.2-256-elu-Drop0.2-64-relu-Drop0.5-rmsprop-LR0.005,4.798575963824987,1.1920840591192245,1.5184590071439743,0.833045169711113,2.190565198659897,1.0918260365724564,-2.5974392890930176,-0.008703231811523438,5,0044
29,5L-256-elu-Drop0.2-256-relu-Drop0.30000000000000004-64-elu-Drop0.5-1024-elu-Drop0.2-64-relu-Drop0.5-adam-LR0.001,79.39809197187424,1.1958042411133647,6.552844762802124,0.8745657652616501,8.910560667514801,1.0935283675789833,-58.52396011352539,-0.011851072311401367,2,0004
30,1L-64-elu-Drop0.2-rmsprop-LR0.01,0.7588415388017893,1.195990570820868,0.6761048287153244,0.9016481637954712,0.8711151033639908,1.0936135277152061,0.43110495805740356,-0.01200878620147705,2,0014
31,2L-256-elu-Drop0.2-128-relu-Drop0.4-adam-LR0.002,33.70611289143562,1.1969794761389494,4.024765133857727,0.8667532950639725,5.805696666240692,1.094065546989441,-24.26911163330078,-0.012845516204833984,5,0047
32,5L-1024-tanh-Drop0.1-512-elu-Drop0.5-128-elu-Drop0.30000000000000004-256-tanh-Drop0.1-64-elu-Drop0.1-rmsprop-LR0.002,6.6684393882751465,1.199992736801505,1.6782353818416595,0.8755233138799667,2.582332134246826,1.0954417884349823,-3.999262809753418,-0.015395283699035645,5,0034
33,2L-64-tanh-Drop0.2-256-tanh-Drop0.30000000000000004-adam-LR0.004,53.35038775205612,1.2001691842451692,4.378773808479309,0.7565683498978615,7.304134726524353,1.0955223217606544,-38.99611282348633,-0.015544533729553223,5,0049
34,5L-64-elu-Drop0.30000000000000004-512-relu-Drop0.1-1024-elu-Drop0.30000000000000004-256-tanh-Drop0.5-64-tanh-Drop0.30000000000000004-rmsprop-LR0.004,4.963288106024265,1.217529907822609,1.4972047805786133,0.8939059004187584,2.2278438806533813,1.1034174039959908,-2.720923900604248,-0.030234575271606445,14,0058
35,1L-256-elu-Drop0.4-sgd-LR0.0005,1.5854740496724844,1.2639284944161773,1.0590113550424576,0.9343610554933548,1.259156048297882,1.1242457628250122,-0.18861103057861328,-0.06949567794799805,2,0016
36,5L-256-elu-Drop0.2-256-relu-Drop0.30000000000000004-64-elu-Drop0.5-1024-elu-Drop0.2-64-relu-Drop0.5-adam-LR0.001,32.17050987482071,1.2751931436359882,4.210940212011337,0.8407063633203506,5.6719053983688354,1.1292444616556168,-23.11791229248047,-0.07902741432189941,5,0040
37,1L-1024-elu-Drop0.5-adam-LR0.002,5.087351404130459,1.2980175521224737,1.4649880975484848,0.8388479948043823,2.255515694618225,1.1393056958913803,-2.8139328956604004,-0.09834063053131104,2,0032
38,4L-256-relu-Drop0.5-1024-relu-Drop0.30000000000000004-256-tanh-Drop0.4-128-relu-Drop0.30000000000000004-rmsprop-LR0.01,2.8008731603622437,1.3366152606904507,1.2476257681846619,0.9645761400461197,1.6735809445381165,1.1561207324266434,-1.0997834205627441,-0.13100087642669678,2,0007
39,4L-512-tanh-Drop0.1-256-relu-Drop0.2-256-tanh-Drop0.5-64-relu-Drop0.1-rmsprop-LR0.0001,28.60531497001648,1.3661027289927006,4.1594109535217285,0.9783562570810318,5.348393440246582,1.1688039600849152,-20.445087432861328,-0.15595221519470215,2,0015
40,2L-64-elu-Drop0.30000000000000004-128-relu-Drop0.1-sgd-LR0.0005,4.098424661904573,1.4956163596361876,1.5933036357164383,1.0475752875208855,2.024456664919853,1.2229540050029755,-2.0725467205047607,-0.2655423879623413,2,0033
41,2L-512-tanh-Drop0.2-512-relu-Drop0.2-rmsprop-LR0.002,16.03765109181404,1.556181812658906,2.533976197242737,1.041278600692749,4.004703551530838,1.247470200061798,-11.023255348205566,-0.31679093837738037,40,0069
42,4L-512-relu-Drop0.4-512-tanh-Drop0.2-1024-tanh-Drop0.4-1024-relu-Drop0.4-adam-LR0.0001,54.37444978952408,1.6074719689786434,5.78382807970047,1.095530904829502,7.373903274536133,1.267861157655716,-39.764007568359375,-0.36019110679626465,2,0011
43,5L-128-tanh-Drop0.2-64-tanh-Drop0.4-128-tanh-Drop0.4-256-relu-Drop0.1-64-relu-Drop0.2-sgd-LR0.0001,29.699177473783493,1.61774786375463,4.271791219711304,1.1009231507778168,5.449695110321045,1.2719071358442307,-21.2651424407959,-0.36888623237609863,2,0023
44,5L-256-relu-Drop0.2-128-elu-Drop0.5-256-relu-Drop0.30000000000000004-64-elu-Drop0.5-256-relu-Drop0.5-rmsprop-LR0.005,6.37410181760788,1.622378345578909,1.634692132472992,1.1010192409157753,2.5246984362602234,1.2737262099981308,-3.7786006927490234,-0.3728044033050537,2,0005
45,5L-512-elu-Drop0.1-128-relu-Drop0.30000000000000004-1024-tanh-Drop0.4-128-tanh-Drop0.2-64-relu-Drop0.1-adam-LR0.002,6.0364319533109665,1.813561376184225,1.8539841771125793,0.9835810661315918,2.456915259361267,1.346685379743576,-3.5254411697387695,-0.5345772504806519,5,0051
46,4L-64-tanh-Drop0.2-64-relu-Drop0.1-64-relu-Drop0.1-64-relu-Drop0.1-rmsprop-LR0.001,12.052069813013077,1.8428729251027107,2.4149086475372314,1.1840496361255646,3.4716091454029083,1.3575245887041092,-8.035293579101562,-0.5593798160552979,2,0000
47,5L-128-tanh-Drop0.5-256-relu-Drop0.1-256-tanh-Drop0.2-512-relu-Drop0.1-64-tanh-Drop0.4-sgd-LR0.0001,11.010695859789848,2.0148849673569202,2.6161690056324005,1.102173462510109,3.3182369470596313,1.4194664508104324,-7.254604339599609,-0.7049307823181152,14,0059
48,2L-64-tanh-Drop0.1-1024-relu-Drop0.30000000000000004-sgd-LR0.0001,3.085619956254959,2.7110492661595345,1.4965594410896301,1.46839839220047,1.7565933018922806,1.6465264409780502,-1.3132562637329102,-1.2940027713775635,5,0055
49,4L-512-relu-Drop0.5-1024-elu-Drop0.1-1024-tanh-Drop0.5-128-tanh-Drop0.30000000000000004-rmsprop-LR0.001,30.885029822587967,3.303188480436802,4.196046978235245,1.6366365998983383,5.557430326938629,1.8174676448106766,-22.154151916503906,-1.7950518131256104,2,0012
50,3L-64-tanh-Drop0.4-256-elu-Drop0.4-256-tanh-Drop0.4-rmsprop-LR0.003,27.33585897088051,3.3317604437470436,3.4847396314144135,1.480259120464325,5.228370487689972,1.8253110945224762,-19.493444442749023,-1.8192284107208252,2,0020
51,2L-128-elu-Drop0.4-1024-relu-Drop0.4-rmsprop-LR0.0001,8.23975856602192,4.23670906573534,2.33969709277153,1.8807126581668854,2.870497941970825,2.058326795697212,-5.177262306213379,-2.5849668979644775,2,0024
52,3L-64-tanh-Drop0.2-1024-relu-Drop0.5-64-tanh-Drop0.2-rmsprop-LR0.003,31.495609492063522,4.681702125817537,4.325194269418716,1.9949944764375687,5.612094819545746,2.163724198937416,-22.611896514892578,-2.961505651473999,2,0001
53,3L-256-elu-Drop0.4-64-tanh-Drop0.1-1024-elu-Drop0.5-adam-LR0.0001,39.389027148485184,5.0263698399066925,4.9387407302856445,2.064092203974724,6.276067614555359,2.241956725716591,-28.529516220092773,-3.253152370452881,2,0027
54,1L-512-relu-Drop0.2-sgd-LR0.0001,6.321290396153927,5.7500569224357605,2.3253075778484344,2.216076895594597,2.5142177045345306,2.3979275822639465,-3.7390036582946777,-3.865513324737549,2,0010
55,1L-128-tanh-Drop0.5-adam-LR0.0001,7.403748013079166,6.764377310872078,2.563484251499176,2.4150105714797974,2.7209830284118652,2.600841522216797,-4.550498962402344,-4.7237982749938965,2,0021
56,5L-1024-tanh-Drop0.5-512-elu-Drop0.2-256-relu-Drop0.4-512-tanh-Drop0.1-256-relu-Drop0.4-rmsprop-LR0.004,5.763143755495548,8.012009650468826,1.7811355143785477,2.6406492590904236,2.4006548523902893,2.8305493891239166,-3.3205652236938477,-5.779504776000977,2,0026
57,3L-256-tanh-Drop0.1-512-elu-Drop0.2-64-relu-Drop0.5-adam-LR0.004,6.277213387191296,10.58728113770485,1.8264746367931366,3.0752671658992767,2.5054366886615753,3.2538102865219116,-3.7059593200683594,-7.958616256713867,2,0002
58,5L-512-elu-Drop0.5-256-elu-Drop0.1-64-relu-Drop0.1-64-tanh-Drop0.30000000000000004-64-relu-Drop0.2-rmsprop-LR0.0005,41.75555866956711,11.087662249803543,5.1130253076553345,3.1629762053489685,6.461854040622711,3.329814165830612,-30.303712844848633,-8.382022857666016,2,0017
59,4L-512-elu-Drop0.1-512-relu-Drop0.2-64-relu-Drop0.2-128-elu-Drop0.2-adam-LR0.01,10.717986524105072,50449.29071044922,2.37775656580925,224.6066551208496,3.2738335132598877,224.60919570922852,-7.035163879394531,-42687.56640625,2,0019
60,5L-512-relu-Drop0.1-1024-elu-Drop0.30000000000000004-64-tanh-Drop0.30000000000000004-64-elu-Drop0.1-1024-relu-Drop0.4-adam-LR0.01,16.232981353998184,1.5948292716521406e+22,2.8449802100658417,126286387200.0,4.029017508029938,126286553088.0,-11.169679641723633,-1.3494932700624262e+22,2,0029
61,3L-256-relu-Drop0.30000000000000004-512-tanh-Drop0.1-64-relu-Drop0.4-sgd-LR0.002,,,,,,,,,2,0006
62,4L-256-tanh-Drop0.5-1024-elu-Drop0.1-128-relu-Drop0.4-64-elu-Drop0.1-sgd-LR0.01,,,,,,,,,2,0018
63,5L-128-tanh-Drop0.1-128-tanh-Drop0.30000000000000004-64-relu-Drop0.2-256-relu-Drop0.5-256-relu-Drop0.2-sgd-LR0.002,,,,,,,,,2,0022
64,5L-1024-elu-Drop0.4-1024-relu-Drop0.2-256-relu-Drop0.4-512-relu-Drop0.2-512-tanh-Drop0.30000000000000004-sgd-LR0.01,,,,,,,,,2,0028
65,2L-256-elu-Drop0.2-64-elu-Drop0.5-sgd-LR0.003,,,,,,,,,2,0031
66,2L-256-elu-Drop0.1-128-relu-Drop0.4-sgd-LR0.002,,,,,,,,,5,0043
67,4L-512-relu-Drop0.1-512-relu-Drop0.2-512-tanh-Drop0.1-128-relu-Drop0.2-sgd-LR0.002,,,,,,,,,5,0045
68,3L-1024-relu-Drop0.2-512-relu-Drop0.4-512-tanh-Drop0.4-rmsprop-LR0.01,,,,,,,,,5,0046
69,5L-256-tanh-Drop0.2-64-tanh-Drop0.30000000000000004-512-relu-Drop0.5-64-elu-Drop0.4-1024-tanh-Drop0.5-sgd-LR0.003,,,,,,,,,5,0054
70,3L-128-tanh-Drop0.2-1024-elu-Drop0.2-64-elu-Drop0.5-sgd-LR0.001,,,,,,,,,14,0060
71,3L-1024-tanh-Drop0.5-1024-tanh-Drop0.4-512-relu-Drop0.1-sgd-LR0.002,,,,,,,,,14,0061
