ID,Loss (GPA²),Val_Loss (GPA²),MAE (GPA),Val_MAE (GPA),RMSE (GPA),Val_RMSE (GPA),R2 (Scaled y),Val_R2 (Scaled y),num_layers,neurons_0,act_0,dropout_0,optimizer,learning_rate,tuner/epochs,tuner/initial_epoch,tuner/bracket,tuner/round,neurons_1,act_1,dropout_1,neurons_2,act_2,dropout_2,tuner/trial_id
1,0.529239849653095,0.4404161009006202,0.5441415868699551,0.4450743645429611,0.727488711476326,0.663638524711132,0.6032341718673706,0.6273340582847595,1,64,tanh,0.1,sgd,0.004,40,14,1,1,256,relu,0.2,256.0,tanh,0.30000000000000004,0076
2,0.6348478691652417,0.4430277720093727,0.6094052642583847,0.47641919553279877,0.7967733889818192,0.6656033098697662,0.5240606069564819,0.6251241564750671,1,256,elu,0.4,sgd,0.001,14,0,1,0,64,relu,0.4,256.0,elu,0.4,
3,0.5571133028715849,0.44921682262793183,0.5633728578686714,0.46690191328525543,0.7464002296328545,0.6702364236116409,0.5823383331298828,0.6198871731758118,1,256,elu,0.4,sgd,0.001,40,14,1,1,64,relu,0.4,256.0,elu,0.4,0077
4,0.6364730866625905,0.4513413207605481,0.6015440449118614,0.4703887850046158,0.7977926284074783,0.6718193963170052,0.5228430032730103,0.618089497089386,1,128,elu,0.2,sgd,0.005,40,14,2,2,128,relu,0.1,64.0,relu,0.2,0070
5,0.5560933174565434,0.4543654443696141,0.5773254409432411,0.4722566083073616,0.7457166686654091,0.674066349864006,0.5831034183502197,0.6155306100845337,2,256,tanh,0.5,rmsprop,0.005,40,14,2,2,64,relu,0.4,64.0,relu,0.5,0068
6,0.5175410220399499,0.45654320111498237,0.5444507114589214,0.46281231567263603,0.7194032594561577,0.6756798326969147,0.6120054721832275,0.6136878728866577,2,256,tanh,0.2,adam,0.01,40,14,1,1,128,elu,0.4,128.0,elu,0.5,0080
7,0.829093873500824,0.45820938097313046,0.6848469525575638,0.46952350437641144,0.9105459228157997,0.6769116371870041,0.37843751907348633,0.6122779846191406,1,128,elu,0.2,adam,0.002,40,0,0,0,128,relu,0.4,128.0,elu,0.30000000000000004,
8,0.655693712644279,0.4636633722111583,0.6166513860225677,0.4852162040770054,0.8097491785883904,0.6809283122420311,0.5084344744682312,0.6076629757881165,3,64,tanh,0.30000000000000004,sgd,0.004,40,14,3,3,128,relu,0.30000000000000004,64.0,tanh,0.1,0048
9,2.9540757089853287,0.4655923373065889,1.134036362171173,0.47378670796751976,1.7187425047159195,0.6823432445526123,-1.2146365642547607,0.6060307025909424,1,128,relu,0.4,adam,0.003,40,0,0,0,256,elu,0.1,128.0,elu,0.5,
10,0.6755925938487053,0.4660450732335448,0.6385283544659615,0.49217328429222107,0.8219443783164024,0.6826749667525291,0.4935157299041748,0.6056476831436157,3,64,tanh,0.30000000000000004,sgd,0.004,14,5,3,2,128,relu,0.30000000000000004,64.0,tanh,0.1,0043
11,0.5135179976932704,0.46870962576940656,0.5386366210877895,0.46473120152950287,0.7166016921401024,0.6846237257122993,0.6150212287902832,0.6033929586410522,1,64,tanh,0.1,sgd,0.004,14,0,1,0,256,relu,0.2,256.0,tanh,0.30000000000000004,
12,1.0110768182203174,0.481134083122015,0.7815011590719223,0.5048789754509926,1.005523145198822,0.6936382949352264,0.24200773239135742,0.5928798317909241,3,64,elu,0.30000000000000004,sgd,0.001,40,0,0,0,64,relu,0.2,512.0,tanh,0.5,
13,0.6383820986375213,0.4816731568425894,0.6059985235333443,0.47102057933807373,0.7989881560206413,0.6940267458558083,0.5214115381240845,0.592423677444458,1,128,elu,0.2,sgd,0.005,14,5,2,1,128,relu,0.1,64.0,relu,0.2,0053
14,0.5379597027786076,0.48518373677507043,0.5432569608092308,0.49188169464468956,0.7334573641419411,0.6965513080358505,0.5966975688934326,0.5894531011581421,2,512,tanh,0.1,adam,0.01,40,14,3,3,64,relu,0.30000000000000004,512.0,relu,0.1,0046
15,0.7458143765106797,0.4867992983199656,0.6445334851741791,0.49250346422195435,0.8636054545640945,0.6977100223302841,0.44087040424346924,0.5880861282348633,2,512,tanh,0.1,adam,0.01,14,5,3,2,64,relu,0.30000000000000004,512.0,relu,0.1,0044
16,0.6470381319522858,0.49008051166310906,0.6141124740242958,0.4930554963648319,0.8043867722153664,0.7000574916601181,0.5149222016334534,0.585309624671936,2,256,tanh,0.5,rmsprop,0.005,14,5,2,1,64,relu,0.4,64.0,relu,0.5,0063
17,0.8755421731621027,0.49284094478935003,0.7096109166741371,0.535810075700283,0.9357041046023369,0.7020263001322746,0.34361541271209717,0.582973837852478,3,512,elu,0.4,sgd,0.01,14,5,2,1,512,relu,0.2,128.0,relu,0.4,0060
18,0.7729724971577525,0.49562751688063145,0.6858344748616219,0.5352050364017487,0.8791885524988174,0.7040081843733788,0.4205114245414734,0.5806159377098083,3,128,relu,0.4,sgd,0.005,14,5,2,1,128,tanh,0.4,64.0,tanh,0.30000000000000004,0064
19,0.6745865643024445,0.4984919400885701,0.6364720389246941,0.5199449770152569,0.8213321641087532,0.706039622426033,0.4942694306373596,0.5781921744346619,3,128,relu,0.4,sgd,0.002,14,5,2,1,512,tanh,0.2,64.0,relu,0.5,0061
20,1.2507346915081143,0.5016131512820721,0.8301972001791,0.5248973406851292,1.118362471461296,0.7082465440034866,0.06233954429626465,0.5755510926246643,2,256,tanh,0.2,adam,0.01,14,0,1,0,128,elu,0.4,128.0,elu,0.5,
21,6.446588449180126,0.5101651567965746,1.7349595427513123,0.5637885332107544,2.539013385772705,0.7142584472894669,-3.8329381942749023,0.5683146715164185,3,512,elu,0.4,sgd,0.01,5,0,2,0,512,relu,0.2,128.0,relu,0.4,
22,0.7855435665696859,0.5106660593301058,0.6700652316212654,0.5200256109237671,0.8863089457154274,0.7146090120077133,0.4110860824584961,0.5678908228874207,2,64,tanh,0.30000000000000004,sgd,0.01,14,5,3,2,64,relu,0.1,128.0,tanh,0.1,0035
23,0.9806472910568118,0.5165642998181283,0.7614348828792572,0.5255025140941143,0.9902763962745667,0.7187240570783615,0.2648211717605591,0.5628999471664429,2,512,tanh,0.1,adam,0.01,5,2,3,1,64,relu,0.30000000000000004,512.0,relu,0.1,0031
24,0.702064236626029,0.5201717033050954,0.6373731940984726,0.5356384813785553,0.8378927260637283,0.7212293073534966,0.4736705422401428,0.5598474740982056,2,256,relu,0.1,adam,0.005,14,0,1,0,128,relu,0.4,512.0,relu,0.5,
25,0.8258624486625195,0.5248541990295053,0.7112883031368256,0.5387900099158287,0.9087697640061378,0.7244682088494301,0.3808591365814209,0.5558852553367615,3,128,tanh,0.5,sgd,0.004,14,5,3,2,512,relu,0.4,128.0,tanh,0.4,0042
26,0.9570258893072605,0.5426751645281911,0.7413356825709343,0.5043847113847733,0.9782769978046417,0.7366648837924004,0.28252720832824707,0.5408056974411011,2,64,tanh,0.30000000000000004,sgd,0.01,5,2,3,1,64,relu,0.1,128.0,tanh,0.1,0023
27,3.3471607826650143,0.5530599150806665,1.2861559689044952,0.5627199411392212,1.8295247107744217,0.7436800003051758,-1.509329080581665,0.5320184826850891,2,256,tanh,0.5,rmsprop,0.005,5,0,2,0,64,relu,0.4,64.0,relu,0.5,
28,0.7720266664400697,0.5542915016412735,0.70116276293993,0.5698098242282867,0.87865050137043,0.7445075288414955,0.4212207794189453,0.5309763550758362,3,256,relu,0.1,sgd,0.002,40,0,0,0,256,relu,0.2,512.0,tanh,0.1,
29,1.318417863920331,0.554733072873205,0.8645356446504593,0.5573864690959454,1.1482237726449966,0.7448040470480919,0.01159524917602539,0.5306026935577393,3,128,elu,0.4,sgd,0.004,40,0,0,0,128,relu,0.1,512.0,relu,0.30000000000000004,
30,0.8345848666504025,0.5643330132588744,0.7035495936870575,0.5853501409292221,0.9135561659932137,0.7512210309505463,0.37431973218917847,0.5224795341491699,3,128,relu,0.4,sgd,0.005,5,0,2,0,128,tanh,0.4,64.0,tanh,0.30000000000000004,
31,0.8152222679927945,0.5709404004737735,0.685495913028717,0.5928207635879517,0.9028965979814529,0.755605973303318,0.38883787393569946,0.5168886184692383,1,256,elu,0.1,sgd,0.002,14,0,1,0,64,relu,0.4,64.0,elu,0.4,
32,0.7457350920885801,0.583242951426655,0.671598918735981,0.5602532476186752,0.8635595217347145,0.763703428208828,0.4409300684928894,0.5064785480499268,3,64,tanh,0.30000000000000004,sgd,0.004,5,2,3,1,128,relu,0.30000000000000004,64.0,tanh,0.1,0011
33,1.0003760615363717,0.6114929490722716,0.7475562617182732,0.587179072201252,1.0001880303025246,0.7819801345467567,0.250027596950531,0.48257434368133545,1,128,elu,0.2,sgd,0.005,5,0,2,0,128,relu,0.1,64.0,relu,0.2,
34,0.7593078911304474,0.6342752259224653,0.6724458932876587,0.603100597858429,0.8713827207684517,0.7964139729738235,0.430755615234375,0.46329671144485474,3,128,relu,0.4,sgd,0.002,5,0,2,0,512,tanh,0.2,64.0,relu,0.5,
35,4.244150787591934,0.6403939314186573,1.5216283053159714,0.6111193299293518,2.0601336658000946,0.8002461791038513,-2.1817877292633057,0.45811927318573,2,64,elu,0.1,rmsprop,0.004,14,0,1,0,512,elu,0.30000000000000004,128.0,relu,0.30000000000000004,
36,0.9531540786847472,0.6516473405063152,0.7644307091832161,0.5846931338310242,0.9762961193919182,0.807246744632721,0.2854306101799011,0.4485970139503479,3,128,tanh,0.5,sgd,0.004,5,2,3,1,512,relu,0.4,128.0,tanh,0.4,0017
37,17.75797127187252,0.6574996020644903,3.31280118227005,0.6509004458785057,4.214020729064941,0.8108635023236275,-12.31295394897461,0.44364500045776367,2,128,elu,0.30000000000000004,adam,0.001,5,0,2,0,512,tanh,0.30000000000000004,64.0,tanh,0.1,
38,1.8949166983366013,0.6584418872371316,1.099193662405014,0.6331798955798149,1.3765596896409988,0.8114443346858025,-0.42059874534606934,0.44284766912460327,2,256,relu,0.30000000000000004,adam,0.005,5,0,2,0,128,tanh,0.4,256.0,relu,0.1,
39,2.311050983145833,0.6883651558309793,1.0296895131468773,0.6156867295503616,1.5202141106128693,0.8296777233481407,-0.7325693368911743,0.41752755641937256,1,128,relu,0.5,rmsprop,0.01,5,0,2,0,256,elu,0.1,64.0,elu,0.2,
40,29.560288667678833,0.694045496173203,3.99505215883255,0.6228611022233963,5.43693745136261,0.8330939188599586,-21.16103172302246,0.41272103786468506,1,256,elu,0.30000000000000004,adam,0.003,2,0,3,0,64,elu,0.5,256.0,relu,0.5,
41,2.0982844848185778,0.6951471045613289,1.0745604559779167,0.6503688991069794,1.4485456198453903,0.8337548151612282,-0.5730613470077515,0.4117888808250427,2,64,tanh,0.30000000000000004,sgd,0.01,2,0,3,0,64,relu,0.1,128.0,tanh,0.1,
42,2.1019863355904818,0.697601979598403,1.1405684798955917,0.6040246188640594,1.4498228877782822,0.8352257385849953,-0.5758358240127563,0.40971165895462036,2,256,relu,0.30000000000000004,sgd,0.002,5,2,3,1,256,tanh,0.1,64.0,relu,0.4,0009
43,0.8584168134257197,0.6995456926524639,0.7171331718564034,0.6328509896993637,0.9265078827738762,0.8363884761929512,0.35645341873168945,0.40806692838668823,3,128,tanh,0.1,sgd,0.002,5,2,3,1,128,tanh,0.30000000000000004,64.0,relu,0.2,0033
44,4.502510279417038,0.7106846636161208,1.5463463366031647,0.6546682789921761,2.1219119131565094,0.8430211767554283,-2.375476598739624,0.39864152669906616,1,128,tanh,0.4,sgd,0.001,5,2,3,1,64,tanh,0.2,256.0,relu,0.2,0019
45,6.624110117554665,0.7281568832695484,1.9190606027841568,0.6246695816516876,2.5737345814704895,0.8533210605382919,-3.9660139083862305,0.3838570713996887,2,128,tanh,0.5,adam,0.001,14,0,1,0,64,relu,0.4,128.0,tanh,0.2,
46,3.007710300385952,0.7327370485290885,1.2902240753173828,0.6223578527569771,1.7342751771211624,0.8560005873441696,-1.2548491954803467,0.37998145818710327,1,128,relu,0.1,rmsprop,0.001,14,0,1,0,512,elu,0.1,512.0,elu,0.2,
47,34.756067365407944,0.7403808664530516,4.429865598678589,0.679855227470398,5.895427823066711,0.8604538589715958,-25.056184768676758,0.37351351976394653,1,128,tanh,0.4,sgd,0.001,2,0,3,0,64,tanh,0.2,256.0,relu,0.2,
48,0.8571767024695873,0.7474202066659927,0.7338100075721741,0.6662923693656921,0.925838403403759,0.8645347058773041,0.357383131980896,0.3675570487976074,3,512,elu,0.1,sgd,0.002,5,2,3,1,64,relu,0.5,128.0,tanh,0.4,0013
49,7.804910592734814,0.7511772774159908,2.1908183991909027,0.6625640988349915,2.7937269508838654,0.8667048141360283,-4.851254940032959,0.3643779754638672,2,256,elu,0.30000000000000004,rmsprop,0.0005,5,2,3,1,256,tanh,0.1,512.0,elu,0.5,0010
50,27.83374884724617,0.7834126185625792,3.8419806361198425,0.7088672071695328,5.275769948959351,0.8851059749722481,-19.866662979125977,0.33710145950317383,2,64,tanh,0.2,rmsprop,0.003,2,0,3,0,512,relu,0.5,,,,
51,3.6668256148695946,0.7863643225282431,1.489346981048584,0.6635473966598511,1.9148956686258316,0.8867718279361725,-1.7489798069000244,0.33460378646850586,3,128,tanh,0.1,sgd,0.002,2,0,3,0,128,tanh,0.30000000000000004,64.0,relu,0.2,
52,12.849377498030663,0.851453966461122,2.7683444023132324,0.7823542356491089,3.5846028327941895,0.9227426648139954,-8.633055686950684,0.27952706813812256,1,512,elu,0.5,adam,0.002,5,0,2,0,64,relu,0.1,256.0,elu,0.1,
53,7.096537850797176,0.860312020406127,2.056761458516121,0.6936562657356262,2.6639327108860016,0.9275300726294518,-4.32019567489624,0.27203166484832764,2,256,relu,0.30000000000000004,sgd,0.002,2,0,3,0,256,tanh,0.1,64.0,relu,0.4,
54,4.9251757599413395,0.8639253079891205,1.6966781169176102,0.749545656144619,2.2192736864089966,0.9294758141040802,-2.6923532485961914,0.2689741849899292,3,512,elu,0.1,sgd,0.002,2,0,3,0,64,relu,0.5,128.0,tanh,0.4,
55,27.60572111606598,0.8770303213968873,4.022337734699249,0.7385707274079323,5.254114866256714,0.9364989772439003,-19.695659637451172,0.2578851580619812,2,128,elu,0.5,adam,0.001,2,0,3,0,256,relu,0.30000000000000004,,,,
56,29.86863461136818,0.8776185046881437,4.126521170139313,0.6797480061650276,5.465220272541046,0.9368129298090935,-21.392194747924805,0.2573874592781067,3,128,tanh,0.5,sgd,0.004,2,0,3,0,512,relu,0.4,128.0,tanh,0.4,
57,2.089002398774028,0.8813735386356711,1.135966345667839,0.7391267493367195,1.445338100194931,0.9388149976730347,-0.5661027431488037,0.25421005487442017,3,64,tanh,0.30000000000000004,sgd,0.004,2,0,3,0,128,relu,0.30000000000000004,64.0,tanh,0.1,
58,5.400932684540749,0.8913276940584183,1.7292703092098236,0.7016075402498245,2.323990613222122,0.9441014975309372,-3.0490188598632812,0.24578720331192017,2,512,tanh,0.1,adam,0.01,2,0,3,0,64,relu,0.30000000000000004,512.0,relu,0.1,
59,14.71704027056694,0.9710513111203909,3.016736537218094,0.775766596198082,3.8362796008586884,0.9854193851351738,-10.033184051513672,0.17832762002944946,2,256,elu,0.30000000000000004,rmsprop,0.0005,2,0,3,0,256,tanh,0.1,512.0,elu,0.5,
60,8.999971702694893,1.063630621880293,2.315480500459671,0.7717027142643929,2.9999952614307404,1.0313247218728065,-5.747189044952393,0.09999001026153564,2,64,elu,0.2,sgd,0.005,2,0,3,0,256,tanh,0.30000000000000004,64.0,tanh,0.1,
61,3.5597054958343506,1.0888071600347757,1.4219582229852676,0.8730417340993881,1.8867181241512299,1.0434592366218567,-1.6686744689941406,0.0786864161491394,3,512,tanh,0.5,rmsprop,0.004,5,0,2,0,256,elu,0.2,128.0,relu,0.4,
62,21.798235416412354,1.1940504787489772,3.632375121116638,0.8502082228660583,4.668857932090759,1.0927261859178543,-15.341894149780273,-0.010367035865783691,2,128,elu,0.5,adam,0.001,5,2,3,1,256,relu,0.30000000000000004,64.0,relu,0.2,0004
63,66.95090782642365,1.195092416368425,6.313414692878723,0.8170569911599159,8.182353258132935,1.0932028144598007,-49.192352294921875,-0.01124870777130127,3,256,elu,0.2,adam,0.001,2,0,3,0,128,relu,0.30000000000000004,64.0,elu,0.5,
64,32.21969971060753,1.2121915239840746,4.258818179368973,0.927414134144783,5.676239848136902,1.1009957045316696,-23.154726028442383,-0.025717496871948242,1,256,relu,0.5,rmsprop,0.001,2,0,3,0,256,elu,0.2,512.0,relu,0.1,
65,6.034994423389435,1.2917690947651863,1.7929810881614685,0.9329111874103546,2.4566226303577423,1.1365601867437363,-3.5243706703186035,-0.09305346012115479,3,256,tanh,0.5,sgd,0.01,2,0,3,0,512,elu,0.1,64.0,relu,0.4,
66,6.493196524679661,1.4509529024362564,1.8564165383577347,0.9687577709555626,2.5481750071048737,1.2045551240444183,-3.867885112762451,-0.22774970531463623,1,64,elu,0.2,rmsprop,0.01,2,0,3,0,128,relu,0.1,256.0,elu,0.1,
67,13.562012135982513,1.473025655373931,2.587038606405258,0.972337044775486,3.682663857936859,1.2136826813220978,-9.167279243469238,-0.24642693996429443,1,64,relu,0.4,adam,0.005,2,0,3,0,512,tanh,0.2,512.0,tanh,0.1,
68,41.18497395515442,1.5601179711520672,4.604828238487244,0.9173668473958969,6.4175519943237305,1.249046802520752,-29.875934600830078,-0.3201216459274292,2,64,tanh,0.4,rmsprop,0.003,2,0,3,0,128,elu,0.4,256.0,tanh,0.4,
69,29.240739405155182,1.7533178888261318,4.0406961143016815,1.0834175795316696,5.407470703125,1.3241290748119354,-20.921457290649414,-0.4836012125015259,2,512,relu,0.5,rmsprop,0.001,2,0,3,0,512,elu,0.1,512.0,tanh,0.5,
70,16.037134498357773,1.8003499209880829,3.074544310569763,1.0664135813713074,4.004639178514481,1.3417711704969406,-11.022886276245117,-0.5233981609344482,1,256,elu,0.30000000000000004,adam,0.003,5,2,3,1,64,elu,0.5,256.0,relu,0.5,0008
71,12.616211593151093,2.0031725987792015,2.7069872617721558,1.1896479427814484,3.5519305765628815,1.415334776043892,-8.458244323730469,-0.6950201988220215,2,64,tanh,0.2,rmsprop,0.001,2,0,3,0,64,relu,0.1,,,,
72,28.30283260345459,2.125961009413004,4.092137396335602,1.25436133146286,5.3200408816337585,1.4580675959587097,-20.21833038330078,-0.7989197969436646,1,256,elu,0.4,adam,0.0001,5,0,2,0,256,relu,0.5,64.0,elu,0.30000000000000004,
73,15.960991278290749,2.126451049000025,2.900635242462158,1.254225343465805,3.9951208233833313,1.4582356363534927,-10.965777397155762,-0.7993344068527222,1,512,relu,0.5,rmsprop,0.005,2,0,3,0,512,elu,0.4,64.0,relu,0.5,
74,10.890038698911667,2.362576201558113,2.2255495190620422,1.2856491655111313,3.3000059723854065,1.5370673686265945,-7.164132118225098,-0.9991359710693359,2,64,tanh,0.2,rmsprop,0.003,5,2,3,1,512,relu,0.5,64.0,relu,0.2,0001
75,89.34557211399078,2.4795551989227533,6.318131625652313,1.2836765348911285,9.45227837562561,1.5746604055166245,-65.98141479492188,-1.0981197357177734,3,512,tanh,0.1,sgd,0.003,5,0,2,0,64,elu,0.1,512.0,relu,0.4,
76,29.085594803094864,2.485014885663986,4.0951047241687775,1.3888252973556519,5.393106400966644,1.5763929784297943,-20.8051700592041,-1.1027395725250244,1,512,relu,0.5,adam,0.0001,5,0,2,0,512,elu,0.2,64.0,elu,0.30000000000000004,
77,30.450417816638947,2.6761173494160175,4.014351725578308,1.480784296989441,5.518189609050751,1.635884240269661,-21.82831573486328,-1.264444351196289,1,128,tanh,0.4,rmsprop,0.0005,2,0,3,0,64,relu,0.5,128.0,elu,0.2,
78,38.38565781712532,2.9351874589920044,3.1507847607135773,1.4364516735076904,6.195615828037262,1.7132388800382614,-27.77725601196289,-1.48366117477417,2,128,elu,0.4,rmsprop,0.01,2,0,3,0,64,elu,0.1,512.0,tanh,0.5,
79,41.88042461872101,2.9642177782952785,4.969438076019287,1.4697962254285812,6.4715089201927185,1.7216903865337372,-30.397241592407227,-1.508225679397583,3,64,relu,0.1,adam,0.001,2,0,3,0,64,elu,0.2,64.0,relu,0.5,
80,59.65035116672516,3.052521463483572,5.11480575799942,1.4697814732789993,7.723363995552063,1.7471466958522797,-43.71923065185547,-1.5829453468322754,2,128,tanh,0.5,rmsprop,0.003,2,0,3,0,256,elu,0.30000000000000004,64.0,elu,0.1,
81,6.873027294874191,3.492991916835308,2.0119335651397705,1.3885887265205383,2.6216458082199097,1.8689547926187515,-4.152626991271973,-1.9556574821472168,2,512,elu,0.2,rmsprop,0.003,5,0,2,0,256,tanh,0.1,64.0,elu,0.1,
82,7.702609397470951,3.5281757935881615,2.1887352615594864,1.613474652171135,2.775357574224472,1.878343865275383,-4.774566650390625,-1.985428810119629,3,256,relu,0.1,adam,0.01,2,0,3,0,512,tanh,0.1,64.0,elu,0.5,
83,37.11757779121399,3.569755531847477,4.584753513336182,1.521765097975731,6.092419445514679,1.8893796801567078,-26.826635360717773,-2.0206122398376465,1,128,elu,0.4,rmsprop,0.0001,5,0,2,0,512,relu,0.4,256.0,relu,0.2,
84,32.54056218266487,4.3824638575315475,4.05584442615509,1.9148616045713425,5.704433619976044,2.0934335589408875,-23.395248413085938,-2.7082998752593994,1,64,elu,0.4,rmsprop,0.001,2,0,3,0,64,relu,0.5,,,,
85,52.89733529090881,4.537693552672863,5.851402044296265,1.8911610692739487,7.27305543422699,2.1301862597465515,-38.65658950805664,-2.8396503925323486,3,64,elu,0.1,sgd,0.0001,2,0,3,0,64,relu,0.30000000000000004,64.0,relu,0.1,
86,38.93168020248413,4.732816211879253,4.596904993057251,2.0329500138759613,6.239525735378265,2.17550365626812,-28.186647415161133,-3.0047569274902344,1,256,elu,0.4,sgd,0.0005,2,0,3,0,128,relu,0.30000000000000004,256.0,relu,0.30000000000000004,
87,32.321084797382355,6.651259034872055,4.526257753372192,2.442384660243988,5.6851635575294495,2.5790035128593445,-23.23080825805664,-4.628081321716309,2,512,relu,0.1,adam,0.0001,2,0,3,0,64,tanh,0.30000000000000004,64.0,relu,0.2,
88,33.80691862106323,7.754361681640148,4.440614819526672,2.6057429909706116,5.814371466636658,2.7846653759479523,-24.344684600830078,-5.5614914894104,1,512,elu,0.30000000000000004,sgd,0.0001,2,0,3,0,512,tanh,0.5,512.0,elu,0.2,
89,15.126309022307396,8.245754912495613,3.103614628314972,2.7575764060020447,3.88925564289093,2.871542125940323,-10.340014457702637,-5.977292537689209,1,512,relu,0.2,sgd,0.0001,2,0,3,0,256,relu,0.30000000000000004,128.0,tanh,0.2,
90,24.735931009054184,17.17858274281025,3.3928214013576508,3.722572445869446,4.9735230803489685,4.1447054743766785,-17.54427146911621,-13.535964012145996,1,256,relu,0.2,sgd,0.01,2,0,3,0,128,tanh,0.30000000000000004,,,,
