Actual,Predicted,Predicted_Probability,Correct,Confidence
1,1,0.8485,1,0.8485
0,1,0.7032,0,0.7032
0,1,0.8261,0,0.8261
0,0,0.4581,1,0.5419
0,1,0.6316,0,0.6316
1,1,0.7673,1,0.7673
0,0,0.0102,1,0.9898
1,1,0.8641,1,0.8641
0,1,0.624,0,0.624
1,1,0.8865,1,0.8865
1,0,0.0924,0,0.9076
1,1,0.8326,1,0.8326
1,1,0.5605,1,0.5605
1,1,0.8808,1,0.8808
1,1,0.8949,1,0.8949
1,1,0.7741,1,0.7741
0,0,0.0487,1,0.9513
1,1,0.7538,1,0.7538
1,0,0.3389,0,0.6611
1,1,0.7751,1,0.7751
0,0,0.0008,1,0.9992
1,1,0.8727,1,0.8727
0,1,0.7969,0,0.7969
1,1,0.7724,1,0.7724
1,1,0.7921,1,0.7921
1,1,0.8918,1,0.8918
1,1,0.7997,1,0.7997
1,1,0.8823,1,0.8823
0,1,0.7398,0,0.7398
0,1,0.5196,0,0.5196
0,0,0.0665,1,0.9335
1,1,0.8801,1,0.8801
1,1,0.7508,1,0.7508
1,1,0.7534,1,0.7534
1,1,0.7625,1,0.7625
0,0,0.0009,1,0.9991
0,0,0.0009,1,0.9991
1,1,0.5202,1,0.5202
0,0,0.0106,1,0.9894
1,1,0.7272,1,0.7272
0,1,0.8129,0,0.8129
1,1,0.6508,1,0.6508
1,1,0.7823,1,0.7823
1,1,0.7289,1,0.7289
1,1,0.8862,1,0.8862
0,1,0.7245,0,0.7245
1,1,0.5502,1,0.5502
1,0,0.0769,0,0.9231
0,0,0.0855,1,0.9145
1,1,0.9004,1,0.9004
1,1,0.671,1,0.671
1,1,0.626,1,0.626
0,1,0.7396,0,0.7396
0,0,0.0005,1,0.9995
0,0,0.0807,1,0.9193
0,0,0.0012,1,0.9988
1,1,0.8579,1,0.8579
0,0,0.0011,1,0.9989
1,1,0.8374,1,0.8374
0,1,0.6944,0,0.6944
0,1,0.6463,0,0.6463
0,0,0.0065,1,0.9935
1,0,0.0829,0,0.9171
0,1,0.7217,0,0.7217
1,0,0.0726,0,0.9274
0,0,0.2548,1,0.7452
1,1,0.8761,1,0.8761
0,0,0.0009,1,0.9991
1,1,0.8435,1,0.8435
0,0,0.1898,1,0.8102
1,1,0.6603,1,0.6603
1,1,0.8072,1,0.8072
1,1,0.7224,1,0.7224
1,1,0.8925,1,0.8925
1,1,0.8569,1,0.8569
0,0,0.2549,1,0.7451
1,1,0.7048,1,0.7048
1,1,0.7312,1,0.7312
1,1,0.8418,1,0.8418
1,1,0.7898,1,0.7898
0,0,0.0575,1,0.9425
0,0,0.0653,1,0.9347
1,1,0.7328,1,0.7328
1,1,0.6891,1,0.6891
0,1,0.8167,0,0.8167
1,1,0.9227,1,0.9227
1,1,0.8383,1,0.8383
0,0,0.001,1,0.999
1,1,0.5518,1,0.5518
0,0,0.0049,1,0.9951
1,1,0.8998,1,0.8998
1,1,0.8789,1,0.8789
1,1,0.7934,1,0.7934
0,0,0.0081,1,0.9919
1,1,0.8712,1,0.8712
1,1,0.8849,1,0.8849
1,1,0.8349,1,0.8349
0,1,0.5797,0,0.5797
1,1,0.6394,1,0.6394
0,0,0.0006,1,0.9994
1,1,0.5633,1,0.5633
1,1,0.8091,1,0.8091
1,1,0.8683,1,0.8683
1,0,0.3172,0,0.6828
1,1,0.8909,1,0.8909
1,1,0.8528,1,0.8528
0,0,0.3901,1,0.6099
0,0,0.0007,1,0.9993
1,1,0.8477,1,0.8477
0,0,0.0003,1,0.9997
1,1,0.703,1,0.703
1,1,0.8295,1,0.8295
0,0,0.2895,1,0.7105
1,1,0.8708,1,0.8708
0,1,0.8671,0,0.8671
1,0,0.2049,0,0.7951
0,1,0.6023,0,0.6023
0,0,0.0475,1,0.9525
1,1,0.6175,1,0.6175
1,1,0.9075,1,0.9075
0,0,0.0013,1,0.9987
1,1,0.8966,1,0.8966
1,1,0.7553,1,0.7553
0,0,0.0074,1,0.9926
1,1,0.6601,1,0.6601
1,1,0.8466,1,0.8466
1,1,0.8782,1,0.8782
1,1,0.8959,1,0.8959
1,1,0.8558,1,0.8558
1,1,0.8323,1,0.8323
1,1,0.7698,1,0.7698
1,1,0.7996,1,0.7996
1,1,0.8966,1,0.8966
0,1,0.8614,0,0.8614
0,0,0.0013,1,0.9987
1,1,0.8298,1,0.8298
1,1,0.793,1,0.793
1,1,0.901,1,0.901
1,1,0.8329,1,0.8329
1,1,0.8555,1,0.8555
0,0,0.0011,1,0.9989
1,1,0.5191,1,0.5191
1,1,0.8986,1,0.8986
1,1,0.8603,1,0.8603
1,1,0.7121,1,0.7121
0,0,0.4641,1,0.5359
1,1,0.7094,1,0.7094
1,1,0.7436,1,0.7436
0,0,0.0592,1,0.9408
1,1,0.8164,1,0.8164
1,0,0.2189,0,0.7811
1,1,0.618,1,0.618
1,1,0.8279,1,0.8279
1,1,0.7741,1,0.7741
1,1,0.8352,1,0.8352
1,1,0.8827,1,0.8827
1,1,0.8738,1,0.8738
1,1,0.7229,1,0.7229
1,1,0.821,1,0.821
1,1,0.8321,1,0.8321
0,1,0.889,0,0.889
1,1,0.8603,1,0.8603
1,1,0.8138,1,0.8138
1,1,0.8514,1,0.8514
1,1,0.8305,1,0.8305
0,0,0.3702,1,0.6298
0,0,0.0009,1,0.9991
1,1,0.8646,1,0.8646
0,0,0.0384,1,0.9616
1,1,0.8869,1,0.8869
1,1,0.7588,1,0.7588
0,1,0.5298,0,0.5298
1,1,0.6741,1,0.6741
1,0,0.3274,0,0.6726
1,1,0.9052,1,0.9052
1,1,0.8545,1,0.8545
1,1,0.8924,1,0.8924
0,1,0.6812,0,0.6812
0,0,0.1281,1,0.8719
1,1,0.7827,1,0.7827
1,1,0.8709,1,0.8709
1,1,0.7926,1,0.7926
0,0,0.0297,1,0.9703
1,1,0.8889,1,0.8889
0,0,0.4448,1,0.5552
1,0,0.1849,0,0.8151
1,0,0.2783,0,0.7217
0,0,0.0004,1,0.9996
1,1,0.7743,1,0.7743
0,1,0.5995,0,0.5995
1,0,0.1852,0,0.8148
0,0,0.0134,1,0.9866
1,1,0.8129,1,0.8129
1,1,0.9151,1,0.9151
1,1,0.9051,1,0.9051
0,0,0.0009,1,0.9991
1,1,0.9019,1,0.9019
0,0,0.2625,1,0.7375
1,1,0.8381,1,0.8381
1,1,0.722,1,0.722
1,1,0.5098,1,0.5098
1,1,0.8815,1,0.8815
1,1,0.5493,1,0.5493
1,1,0.9008,1,0.9008
1,0,0.2063,0,0.7937
1,1,0.8871,1,0.8871
0,0,0.0008,1,0.9992
0,1,0.6681,0,0.6681
1,1,0.8895,1,0.8895
0,1,0.5287,0,0.5287
0,1,0.918,0,0.918
1,0,0.4619,0,0.5381
1,0,0.4905,0,0.5095
1,1,0.9043,1,0.9043
1,1,0.86,1,0.86
0,0,0.0617,1,0.9383
1,1,0.8885,1,0.8885
1,0,0.3334,0,0.6666
0,1,0.739,0,0.739
0,0,0.3307,1,0.6693
0,0,0.4322,1,0.5678
0,0,0.1362,1,0.8638
1,1,0.7774,1,0.7774
1,1,0.5971,1,0.5971
1,1,0.501,1,0.501
0,0,0.0263,1,0.9737
1,1,0.8668,1,0.8668
1,0,0.3583,0,0.6417
0,0,0.001,1,0.999
1,1,0.8688,1,0.8688
1,1,0.7692,1,0.7692
1,1,0.8777,1,0.8777
0,1,0.8237,0,0.8237
1,1,0.8896,1,0.8896
1,1,0.8646,1,0.8646
0,0,0.0332,1,0.9668
1,1,0.895,1,0.895
1,1,0.7139,1,0.7139
1,1,0.6515,1,0.6515
1,1,0.8517,1,0.8517
0,0,0.074,1,0.926
1,0,0.4436,0,0.5564
1,1,0.7729,1,0.7729
1,1,0.8469,1,0.8469
1,1,0.8697,1,0.8697
1,1,0.7042,1,0.7042
1,1,0.8739,1,0.8739
0,0,0.0462,1,0.9538
1,1,0.8937,1,0.8937
1,1,0.7267,1,0.7267
0,0,0.0589,1,0.9411
1,1,0.8179,1,0.8179
1,1,0.8507,1,0.8507
1,1,0.6336,1,0.6336
1,0,0.1463,0,0.8537
1,1,0.8756,1,0.8756
1,0,0.2018,0,0.7982
1,1,0.7703,1,0.7703
1,1,0.8779,1,0.8779
0,0,0.3023,1,0.6977
0,0,0.0005,1,0.9995
0,0,0.0013,1,0.9987
1,1,0.5845,1,0.5845
1,1,0.8983,1,0.8983
0,0,0.0016,1,0.9984
1,1,0.8862,1,0.8862
1,1,0.8778,1,0.8778
1,1,0.7524,1,0.7524
0,0,0.0339,1,0.9661
0,0,0.1709,1,0.8291
1,1,0.9249,1,0.9249
0,0,0.2737,1,0.7263
1,1,0.7532,1,0.7532
0,1,0.5913,0,0.5913
1,1,0.6577,1,0.6577
1,1,0.8448,1,0.8448
0,0,0.2789,1,0.7211
1,1,0.8103,1,0.8103
1,1,0.8577,1,0.8577
0,0,0.0012,1,0.9988
1,1,0.7363,1,0.7363
1,1,0.8906,1,0.8906
1,1,0.5559,1,0.5559
1,1,0.8292,1,0.8292
1,1,0.7474,1,0.7474
1,1,0.8425,1,0.8425
1,1,0.7673,1,0.7673
1,1,0.8172,1,0.8172
