,first_term_gpa,second_term_gpa,first_language,funding,school,fast_track,coop,residency,gender,previous_education,age_group,high_school_average_mark,math_score,english_grade,first_year_persistence
first_term_gpa,1.0,0.8046553531663723,0.14374317036737042,0.1327712961365639,,-0.16318731342809759,-0.05738293032951236,0.1152070787180888,-0.17253314078487036,0.2688131513451332,0.2542346801278997,0.5857305155329493,0.46259782229841834,0.21934286813874776,0.551845709077189
second_term_gpa,0.8046553531663723,1.0,0.1530267927811707,0.18649657191711713,,-0.17124817151442995,-0.04807660722911936,0.16438254950778508,-0.20212967231628515,0.2559325660256667,0.29389752167470645,0.5546141485470419,0.4493777972495594,0.18443039292377852,0.39499940334093037
first_language,0.14374317036737042,0.1530267927811707,1.0,0.6146937923787721,,-0.524972946518207,0.22205277965460604,0.7864450815844971,-0.07351792052748604,0.18322498119064254,0.162736419256103,-0.04167011954018835,0.3966749684189842,-0.08684038629624809,0.18682457561369228
funding,0.1327712961365639,0.18649657191711713,0.6146937923787721,1.0,,-0.4251111485073723,0.2645349861946291,0.7175025518172974,-0.03783012577967093,0.003999486879797532,0.29381791760027326,-0.02126529452621834,0.3467439933728017,0.006403585408459825,0.19247309204882004
school,,,,,,,,,,,,,,,
fast_track,-0.16318731342809759,-0.17124817151442995,-0.524972946518207,-0.4251111485073723,,1.0,-0.13500247876643523,-0.5737658589276204,0.11503142980127412,-0.2939499497945237,-0.26950777925572017,-0.2165962253444551,-0.11816875515117312,-0.10530402098718646,-0.18095810957258296
coop,-0.05738293032951236,-0.04807660722911936,0.22205277965460604,0.2645349861946291,,-0.13500247876643523,1.0,0.2524015370649351,0.01168984158048249,0.013032718120508352,0.03880227031236072,-0.16256609582448758,-0.01891064009326019,-0.09949916055067146,0.0032188079943335076
residency,0.1152070787180888,0.16438254950778508,0.7864450815844971,0.7175025518172974,,-0.5737658589276204,0.2524015370649351,1.0,-0.07877098391724092,0.13085199766779887,0.035082606581600354,-0.0005285670931218356,0.43646026347993555,-0.01305388668610115,0.21121602860588337
gender,-0.17253314078487036,-0.20212967231628515,-0.07351792052748604,-0.03783012577967093,,0.11503142980127412,0.01168984158048249,-0.07877098391724092,1.0,-0.1578406720188483,-0.0659293653337533,-0.2294133290919605,-0.03986616563348467,-0.04098211999837289,-0.07524688176902299
previous_education,0.2688131513451332,0.2559325660256667,0.18322498119064254,0.003999486879797532,,-0.2939499497945237,0.013032718120508352,0.13085199766779887,-0.1578406720188483,1.0,0.20693624621443088,0.3076797455582718,0.13221473417505622,0.15041881106815483,0.12703441186584252
age_group,0.2542346801278997,0.29389752167470645,0.162736419256103,0.29381791760027326,,-0.26950777925572017,0.03880227031236072,0.035082606581600354,-0.0659293653337533,0.20693624621443088,1.0,0.029382544698742373,0.1589131775858942,0.09581737404970221,0.1151976865862858
high_school_average_mark,0.5857305155329493,0.5546141485470419,-0.04167011954018835,-0.02126529452621834,,-0.2165962253444551,-0.16256609582448758,-0.0005285670931218356,-0.2294133290919605,0.3076797455582718,0.029382544698742373,1.0,0.5282564228894832,0.30636580110963774,0.2636600165033675
math_score,0.46259782229841834,0.4493777972495594,0.3966749684189842,0.3467439933728017,,-0.11816875515117312,-0.01891064009326019,0.43646026347993555,-0.03986616563348467,0.13221473417505622,0.1589131775858942,0.5282564228894832,1.0,0.13416697294449795,0.2372865588822574
english_grade,0.21934286813874776,0.18443039292377852,-0.08684038629624809,0.006403585408459825,,-0.10530402098718646,-0.09949916055067146,-0.01305388668610115,-0.04098211999837289,0.15041881106815483,0.09581737404970221,0.30636580110963774,0.13416697294449795,1.0,0.0411629626309777
first_year_persistence,0.551845709077189,0.39499940334093037,0.18682457561369228,0.19247309204882004,,-0.18095810957258296,0.0032188079943335076,0.21121602860588337,-0.07524688176902299,0.12703441186584252,0.1151976865862858,0.2636600165033675,0.2372865588822574,0.0411629626309777,1.0
