ID,Accuracy,Loss,Val_Accuracy,Val_Loss,num_layers,neurons_0,act_0,dropout_0,optimizer,learning_rate,tuner/epochs,tuner/initial_epoch,tuner/bracket,tuner/round,neurons_1,act_1,dropout_1,neurons_2,act_2,dropout_2,neurons_3,act_3,dropout_3,neurons_4,act_4,dropout_4,neurons_5,act_5,dropout_5,tuner/trial_id
1,0.8308457732200623,0.4824502468109131,0.9305555820465088,0.2742287218570709,1,1024,tanh,0.1,adam,0.01,14,0,1,0,64,relu,0.1,1024,selu,0.1,256,selu,0.30000000000000004,64.0,selu,0.1,1024.0,tanh,0.30000000000000004,
2,0.8358209133148193,0.43796542286872864,0.9305555820465088,0.2540663778781891,6,64,relu,0.5,sgd,0.005,40,0,0,0,128,selu,0.1,512,relu,0.1,64,elu,0.5,128.0,relu,0.1,256.0,tanh,0.30000000000000004,
3,0.8009950518608093,0.5057817697525024,0.9305555820465088,0.23676544427871704,1,512,relu,0.5,adam,0.01,14,5,2,1,256,elu,0.1,64,tanh,0.5,1024,tanh,0.5,64.0,elu,0.5,64.0,elu,0.30000000000000004,0060
4,0.8179104328155518,0.42090365290641785,0.9236111044883728,0.23786991834640503,5,64,selu,0.30000000000000004,rmsprop,0.01,14,5,2,1,1024,tanh,0.30000000000000004,1024,elu,0.30000000000000004,512,tanh,0.1,256.0,selu,0.5,1024.0,relu,0.5,0064
5,0.8626865744590759,0.3419569730758667,0.9236111044883728,0.19367903470993042,4,64,tanh,0.1,rmsprop,0.01,40,14,3,3,1024,relu,0.5,64,elu,0.1,128,tanh,0.5,256.0,relu,0.1,256.0,relu,0.5,0046
6,0.8686566948890686,0.38161948323249817,0.9236111044883728,0.22286708652973175,1,128,selu,0.1,rmsprop,0.01,14,5,2,1,1024,tanh,0.5,128,relu,0.5,256,elu,0.1,1024.0,elu,0.30000000000000004,128.0,tanh,0.5,0058
7,0.8636816143989563,0.36166197061538696,0.9236111044883728,0.24249550700187683,4,64,tanh,0.1,rmsprop,0.01,14,5,3,2,1024,relu,0.5,64,elu,0.1,128,tanh,0.5,256.0,relu,0.1,256.0,relu,0.5,0035
8,0.8298507332801819,0.4464726448059082,0.9236111044883728,0.24530142545700073,1,256,elu,0.30000000000000004,adam,0.1,40,14,1,1,64,tanh,0.30000000000000004,64,selu,0.30000000000000004,1024,elu,0.30000000000000004,1024.0,elu,0.1,128.0,tanh,0.5,0078
9,0.8497512340545654,0.48188021779060364,0.9236111044883728,0.3696358799934387,4,1024,elu,0.30000000000000004,rmsprop,0.05,40,14,3,3,256,tanh,0.30000000000000004,128,selu,0.30000000000000004,64,relu,0.5,64.0,tanh,0.30000000000000004,1024.0,relu,0.1,0049
10,0.8159204125404358,0.43556708097457886,0.9166666865348816,0.22788797318935394,1,256,elu,0.30000000000000004,adam,0.1,14,0,1,0,64,tanh,0.30000000000000004,64,selu,0.30000000000000004,1024,elu,0.30000000000000004,1024.0,elu,0.1,128.0,tanh,0.5,
11,0.8577114343643188,0.40077731013298035,0.9166666865348816,0.2667118310928345,5,64,selu,0.30000000000000004,rmsprop,0.01,40,14,2,2,1024,tanh,0.30000000000000004,1024,elu,0.30000000000000004,512,tanh,0.1,256.0,selu,0.5,1024.0,relu,0.5,0069
12,0.8457711338996887,0.36884957551956177,0.9166666865348816,0.23398277163505554,1,512,relu,0.5,adam,0.01,40,14,2,2,256,elu,0.1,64,tanh,0.5,1024,tanh,0.5,64.0,elu,0.5,64.0,elu,0.30000000000000004,0071
13,0.8437811136245728,0.4524688422679901,0.9166666865348816,0.23926091194152832,4,1024,elu,0.30000000000000004,rmsprop,0.05,14,5,3,2,256,tanh,0.30000000000000004,128,selu,0.30000000000000004,64,relu,0.5,64.0,tanh,0.30000000000000004,1024.0,relu,0.1,0038
14,0.8597015142440796,0.3712857961654663,0.9097222089767456,0.2808864116668701,1,1024,tanh,0.1,adam,0.01,40,14,1,1,64,relu,0.1,1024,selu,0.1,256,selu,0.30000000000000004,64.0,selu,0.1,1024.0,tanh,0.30000000000000004,0075
15,0.8706467747688293,0.45680490136146545,0.9097222089767456,0.2633768320083618,6,256,relu,0.1,rmsprop,0.01,14,0,1,0,1024,elu,0.5,64,elu,0.30000000000000004,256,relu,0.30000000000000004,512.0,tanh,0.30000000000000004,256.0,tanh,0.30000000000000004,
16,0.800000011920929,0.4717791676521301,0.9097222089767456,0.27682390809059143,6,256,relu,0.30000000000000004,sgd,0.001,14,0,1,0,512,selu,0.30000000000000004,256,relu,0.1,256,relu,0.5,64.0,elu,0.30000000000000004,512.0,relu,0.30000000000000004,
17,0.804975152015686,0.42649921774864197,0.9097222089767456,0.3250730335712433,2,256,tanh,0.1,adam,0.0005,5,0,2,0,64,elu,0.30000000000000004,128,elu,0.30000000000000004,256,elu,0.30000000000000004,128.0,elu,0.5,512.0,elu,0.1,
18,0.8308457732200623,0.38078445196151733,0.9097222089767456,0.2611483633518219,5,256,relu,0.1,rmsprop,0.001,14,0,1,0,256,relu,0.5,512,selu,0.30000000000000004,64,tanh,0.5,128.0,relu,0.5,512.0,relu,0.1,
19,0.8855721354484558,0.2985754907131195,0.9097222089767456,0.2551576495170593,5,256,relu,0.1,rmsprop,0.001,40,14,1,1,256,relu,0.5,512,selu,0.30000000000000004,64,tanh,0.5,128.0,relu,0.5,512.0,relu,0.1,0074
20,0.8706467747688293,0.32602983713150024,0.9097222089767456,0.22163785994052887,4,64,tanh,0.1,rmsprop,0.005,14,5,3,2,64,relu,0.1,64,relu,0.1,64,relu,0.1,512.0,tanh,0.30000000000000004,256.0,elu,0.1,0034
21,0.8606964945793152,0.43169838190078735,0.9097222089767456,0.2637261748313904,4,64,tanh,0.1,rmsprop,0.01,5,2,3,1,1024,relu,0.5,64,elu,0.1,128,tanh,0.5,256.0,relu,0.1,256.0,relu,0.5,0001
22,0.8258706331253052,0.4386531412601471,0.9027777910232544,0.35751450061798096,4,64,tanh,0.1,rmsprop,0.005,5,2,3,1,64,relu,0.1,64,relu,0.1,64,relu,0.1,512.0,tanh,0.30000000000000004,256.0,elu,0.1,0000
23,0.8248755931854248,0.4747159779071808,0.9027777910232544,0.4891933798789978,4,1024,elu,0.30000000000000004,rmsprop,0.05,5,2,3,1,256,tanh,0.30000000000000004,128,selu,0.30000000000000004,64,relu,0.5,64.0,tanh,0.30000000000000004,1024.0,relu,0.1,0018
24,0.8378109335899353,0.37189558148384094,0.9027777910232544,0.39596688747406006,1,256,elu,0.1,rmsprop,0.0005,5,2,3,1,1024,relu,0.5,256,elu,0.30000000000000004,1024,selu,0.5,64.0,relu,0.30000000000000004,64.0,relu,0.5,0026
25,0.876616895198822,0.3591207265853882,0.9027777910232544,0.30037689208984375,2,256,selu,0.30000000000000004,rmsprop,0.005,14,0,1,0,128,selu,0.30000000000000004,512,relu,0.30000000000000004,256,relu,0.1,64.0,elu,0.1,1024.0,tanh,0.1,
26,0.8248755931854248,0.4090501070022583,0.9027777910232544,0.26564821600914,5,128,elu,0.30000000000000004,rmsprop,0.0005,40,0,0,0,1024,relu,0.1,512,elu,0.5,256,elu,0.5,256.0,selu,0.1,64.0,elu,0.5,
27,0.876616895198822,0.3565654456615448,0.9027777910232544,0.24726027250289917,1,128,tanh,0.30000000000000004,adam,0.0005,40,0,0,0,256,tanh,0.30000000000000004,128,selu,0.5,256,relu,0.1,64.0,elu,0.30000000000000004,64.0,elu,0.1,
28,0.7492537498474121,0.5251298546791077,0.8958333134651184,0.4084601402282715,3,256,selu,0.30000000000000004,sgd,0.0005,5,0,2,0,512,relu,0.1,1024,elu,0.5,64,relu,0.30000000000000004,128.0,relu,0.30000000000000004,1024.0,tanh,0.30000000000000004,
29,0.8089552521705627,0.4968584179878235,0.8958333134651184,0.3410956561565399,5,64,selu,0.30000000000000004,rmsprop,0.01,5,0,2,0,1024,tanh,0.30000000000000004,1024,elu,0.30000000000000004,512,tanh,0.1,256.0,selu,0.5,1024.0,relu,0.5,
30,0.8368158936500549,0.41272926330566406,0.8958333134651184,0.31619733572006226,2,256,tanh,0.1,adam,0.0005,14,5,2,1,64,elu,0.30000000000000004,128,elu,0.30000000000000004,256,elu,0.30000000000000004,128.0,elu,0.5,512.0,elu,0.1,0057
31,0.8636816143989563,0.3517341911792755,0.8958333134651184,0.3336649239063263,1,256,elu,0.1,rmsprop,0.0005,14,5,3,2,1024,relu,0.5,256,elu,0.30000000000000004,1024,selu,0.5,64.0,relu,0.30000000000000004,64.0,relu,0.5,0037
32,0.7920398116111755,0.45494669675827026,0.8958333134651184,0.36303266882896423,3,1024,elu,0.5,sgd,0.005,40,0,0,0,128,selu,0.1,256,tanh,0.5,128,tanh,0.5,1024.0,tanh,0.30000000000000004,64.0,selu,0.30000000000000004,
33,0.800000011920929,0.5017166137695312,0.8888888955116272,0.30466046929359436,1,128,selu,0.1,rmsprop,0.01,5,0,2,0,1024,tanh,0.5,128,relu,0.5,256,elu,0.1,1024.0,elu,0.30000000000000004,128.0,tanh,0.5,
34,0.8368158936500549,0.4522930681705475,0.8888888955116272,0.3097938895225525,1,512,relu,0.5,adam,0.01,5,0,2,0,256,elu,0.1,64,tanh,0.5,1024,tanh,0.5,64.0,elu,0.5,64.0,elu,0.30000000000000004,
35,0.7970149517059326,0.42974984645843506,0.8888888955116272,0.3102022409439087,3,256,selu,0.30000000000000004,sgd,0.0005,14,5,2,1,512,relu,0.1,1024,elu,0.5,64,relu,0.30000000000000004,128.0,relu,0.30000000000000004,1024.0,tanh,0.30000000000000004,0056
36,0.7671641707420349,0.5330623388290405,0.8888888955116272,0.29483285546302795,4,64,tanh,0.1,rmsprop,0.01,2,0,3,0,1024,relu,0.5,64,elu,0.1,128,tanh,0.5,,,,,,,
37,0.7950248718261719,0.4630371332168579,0.8888888955116272,0.3553355932235718,5,64,tanh,0.30000000000000004,adam,0.005,5,2,3,1,512,relu,0.5,64,tanh,0.1,128,relu,0.30000000000000004,64.0,relu,0.1,256.0,selu,0.1,0003
38,0.7203980088233948,0.5824162364006042,0.8888888955116272,0.41455018520355225,4,64,tanh,0.1,rmsprop,0.005,2,0,3,0,64,relu,0.1,64,relu,0.1,64,relu,0.1,,,,,,,
39,0.7273631691932678,0.6563654541969299,0.8888888955116272,0.34524670243263245,3,128,relu,0.5,rmsprop,0.0005,5,2,3,1,256,tanh,0.30000000000000004,1024,selu,0.30000000000000004,512,selu,0.30000000000000004,64.0,selu,0.1,256.0,relu,0.30000000000000004,0013
40,0.7263681888580322,0.6249565482139587,0.8888888955116272,0.3734881579875946,3,128,relu,0.5,rmsprop,0.0005,2,0,3,0,256,tanh,0.30000000000000004,1024,selu,0.30000000000000004,512,selu,0.30000000000000004,64.0,selu,0.1,256.0,relu,0.30000000000000004,
41,0.7960199117660522,0.44451814889907837,0.8819444179534912,0.3389975428581238,4,64,selu,0.30000000000000004,sgd,0.0005,40,0,0,0,512,selu,0.5,256,tanh,0.30000000000000004,256,relu,0.30000000000000004,64.0,relu,0.1,1024.0,relu,0.1,
42,0.8288556933403015,0.4375651776790619,0.8819444179534912,0.3361190855503082,4,256,elu,0.5,adam,0.01,5,0,2,0,256,elu,0.5,256,selu,0.1,256,elu,0.5,256.0,selu,0.5,64.0,elu,0.1,
43,0.7263681888580322,0.5248537063598633,0.8819444179534912,0.3167016804218292,5,64,elu,0.5,sgd,0.001,14,0,1,0,128,elu,0.30000000000000004,1024,relu,0.30000000000000004,128,tanh,0.30000000000000004,512.0,tanh,0.30000000000000004,128.0,elu,0.30000000000000004,
44,0.7562189102172852,0.5367761850357056,0.8819444179534912,0.4941135048866272,5,64,relu,0.1,sgd,0.05,5,0,2,0,256,tanh,0.30000000000000004,128,elu,0.1,1024,selu,0.1,64.0,selu,0.5,128.0,selu,0.1,
45,0.7910447716712952,0.41454464197158813,0.875,0.44538694620132446,1,256,elu,0.1,rmsprop,0.0005,2,0,3,0,1024,relu,0.5,256,elu,0.30000000000000004,1024,selu,0.5,64.0,relu,0.30000000000000004,64.0,relu,0.5,
46,0.7830845713615417,0.7073578238487244,0.875,0.42062807083129883,6,1024,elu,0.30000000000000004,sgd,0.05,5,0,2,0,64,elu,0.30000000000000004,1024,tanh,0.30000000000000004,1024,elu,0.1,256.0,relu,0.1,256.0,tanh,0.1,
47,0.7582089304924011,0.6911786794662476,0.8680555820465088,0.46791499853134155,1,1024,elu,0.30000000000000004,sgd,0.005,2,0,3,0,128,tanh,0.5,256,selu,0.30000000000000004,128,elu,0.5,256.0,elu,0.1,64.0,relu,0.5,
48,0.739303469657898,1.0367916822433472,0.8680555820465088,0.5221055746078491,5,256,tanh,0.1,sgd,0.01,5,0,2,0,64,elu,0.30000000000000004,512,relu,0.5,64,selu,0.5,1024.0,elu,0.5,128.0,relu,0.30000000000000004,
49,0.7681592106819153,0.517935574054718,0.8680555820465088,0.6122391819953918,4,1024,elu,0.30000000000000004,rmsprop,0.05,2,0,3,0,256,tanh,0.30000000000000004,128,selu,0.30000000000000004,64,relu,0.5,64.0,tanh,0.30000000000000004,1024.0,relu,0.1,
50,0.7592039704322815,0.927234411239624,0.8680555820465088,0.2794784605503082,1,1024,tanh,0.1,rmsprop,0.05,2,0,3,0,1024,relu,0.30000000000000004,64,relu,0.1,512,elu,0.1,512.0,tanh,0.30000000000000004,1024.0,tanh,0.1,
51,0.7661691308021545,0.5219757556915283,0.8611111044883728,0.4074406027793884,1,64,tanh,0.5,sgd,0.005,2,0,3,0,1024,tanh,0.5,1024,selu,0.1,128,relu,0.30000000000000004,64.0,selu,0.1,1024.0,selu,0.5,
52,0.8537313342094421,0.36422398686408997,0.8611111044883728,0.36842429637908936,3,128,relu,0.1,adam,0.005,5,2,3,1,128,tanh,0.5,512,selu,0.1,1024,tanh,0.5,256.0,relu,0.1,64.0,selu,0.1,0021
53,0.7890547513961792,0.4617832899093628,0.8611111044883728,0.40673813223838806,2,512,tanh,0.30000000000000004,adam,0.0005,5,0,2,0,64,elu,0.5,1024,elu,0.30000000000000004,1024,relu,0.5,256.0,selu,0.30000000000000004,512.0,tanh,0.1,
54,0.7293532490730286,0.5487728714942932,0.8541666865348816,0.419843465089798,4,64,tanh,0.30000000000000004,sgd,0.0005,5,0,2,0,64,elu,0.1,256,selu,0.1,64,relu,0.30000000000000004,512.0,selu,0.5,128.0,selu,0.5,
55,0.8129353523254395,0.654761791229248,0.8541666865348816,0.9398276209831238,1,1024,tanh,0.1,rmsprop,0.05,5,2,3,1,1024,relu,0.30000000000000004,64,relu,0.1,512,elu,0.1,512.0,tanh,0.30000000000000004,1024.0,tanh,0.1,0028
56,0.5363184213638306,0.9984361529350281,0.8541666865348816,0.5912196636199951,3,256,tanh,0.5,sgd,0.0005,2,0,3,0,64,relu,0.5,256,elu,0.5,256,selu,0.1,512.0,tanh,0.1,1024.0,elu,0.5,
57,0.7910447716712952,0.48807522654533386,0.8541666865348816,0.3921733796596527,5,64,tanh,0.30000000000000004,adam,0.005,2,0,3,0,512,relu,0.5,64,tanh,0.1,128,relu,0.30000000000000004,64.0,relu,0.1,,,,
58,0.7731343507766724,0.5170585513114929,0.8541666865348816,0.323680579662323,3,128,relu,0.1,adam,0.005,2,0,3,0,128,tanh,0.5,512,selu,0.1,1024,tanh,0.5,256.0,relu,0.1,64.0,selu,0.1,
59,0.7771144509315491,0.47749587893486023,0.8541666865348816,0.46779292821884155,1,64,tanh,0.5,sgd,0.005,5,2,3,1,1024,tanh,0.5,1024,selu,0.1,128,relu,0.30000000000000004,64.0,selu,0.1,1024.0,selu,0.5,0016
60,0.8238806128501892,0.4645301103591919,0.8472222089767456,0.4983651340007782,1,64,tanh,0.30000000000000004,adam,0.1,2,0,3,0,256,relu,0.30000000000000004,1024,tanh,0.30000000000000004,128,tanh,0.1,64.0,tanh,0.5,128.0,elu,0.5,
61,0.6378109455108643,0.7214474081993103,0.8472222089767456,0.543992817401886,3,256,tanh,0.5,sgd,0.0005,5,2,3,1,64,relu,0.5,256,elu,0.5,256,selu,0.1,512.0,tanh,0.1,1024.0,elu,0.5,0006
62,0.641791045665741,0.734680712223053,0.8472222089767456,0.4275640845298767,6,1024,tanh,0.5,rmsprop,0.001,2,0,3,0,512,tanh,0.1,512,tanh,0.30000000000000004,1024,elu,0.5,1024.0,tanh,0.5,128.0,tanh,0.5,
63,0.8467661738395691,0.40384775400161743,0.8402777910232544,0.3643701374530792,2,256,elu,0.1,adam,0.005,5,0,2,0,128,relu,0.5,128,selu,0.30000000000000004,512,relu,0.5,256.0,tanh,0.1,64.0,relu,0.1,
64,0.6378109455108643,1.3832844495773315,0.8402777910232544,1.4082794189453125,5,128,tanh,0.5,sgd,0.05,2,0,3,0,128,elu,0.5,128,elu,0.30000000000000004,64,elu,0.5,512.0,relu,0.1,256.0,relu,0.5,
65,0.646766185760498,0.6617114543914795,0.8402777910232544,0.48427310585975647,1,256,elu,0.5,rmsprop,0.0005,2,0,3,0,128,tanh,0.5,256,selu,0.1,1024,tanh,0.30000000000000004,64.0,elu,0.30000000000000004,128.0,elu,0.30000000000000004,
66,0.7313432693481445,0.5498719811439514,0.8333333134651184,0.454290509223938,5,64,elu,0.30000000000000004,rmsprop,0.0005,5,0,2,0,128,selu,0.5,512,tanh,0.5,512,tanh,0.5,256.0,tanh,0.1,1024.0,relu,0.30000000000000004,
67,0.7960199117660522,0.4066481590270996,0.8333333134651184,0.5507559180259705,1,1024,relu,0.5,sgd,0.0005,5,0,2,0,512,selu,0.5,256,tanh,0.30000000000000004,256,tanh,0.5,256.0,relu,0.5,128.0,tanh,0.5,
68,0.5671641826629639,1.5219662189483643,0.8333333134651184,0.6440908312797546,5,128,elu,0.1,adam,0.05,14,0,1,0,256,elu,0.30000000000000004,256,elu,0.1,512,tanh,0.1,1024.0,tanh,0.5,1024.0,relu,0.1,
69,0.7432835698127747,0.5440197587013245,0.8194444179534912,0.5120315551757812,6,1024,tanh,0.5,rmsprop,0.001,5,2,3,1,512,tanh,0.1,512,tanh,0.30000000000000004,1024,elu,0.5,1024.0,tanh,0.5,128.0,tanh,0.5,0010
70,0.7054726481437683,0.5498834252357483,0.8125,0.5556227564811707,4,512,elu,0.1,sgd,0.0005,2,0,3,0,64,selu,0.1,128,tanh,0.1,256,tanh,0.30000000000000004,128.0,elu,0.30000000000000004,64.0,elu,0.1,
71,0.7860696315765381,0.49465808272361755,0.8055555820465088,0.7642076015472412,6,128,relu,0.5,rmsprop,0.005,2,0,3,0,64,selu,0.30000000000000004,512,selu,0.5,128,elu,0.30000000000000004,256.0,elu,0.1,64.0,selu,0.1,
72,0.6726368069648743,0.6573942303657532,0.7986111044883728,0.527500569820404,4,128,selu,0.1,adam,0.001,2,0,3,0,256,elu,0.1,64,elu,0.5,512,elu,0.1,256.0,relu,0.30000000000000004,512.0,relu,0.30000000000000004,
73,0.6009950041770935,1.6177316904067993,0.7916666865348816,1.9675908088684082,6,128,elu,0.30000000000000004,sgd,0.05,2,0,3,0,128,relu,0.30000000000000004,64,elu,0.1,64,relu,0.1,512.0,tanh,0.5,512.0,tanh,0.1,
74,0.5930348038673401,1.4363625049591064,0.7916666865348816,0.8060793876647949,5,256,relu,0.5,rmsprop,0.1,2,0,3,0,64,elu,0.30000000000000004,64,tanh,0.5,128,tanh,0.5,256.0,relu,0.5,128.0,elu,0.5,
75,0.7363184094429016,0.5319637060165405,0.7847222089767456,0.5608768463134766,6,256,selu,0.30000000000000004,adam,0.005,2,0,3,0,256,relu,0.30000000000000004,64,selu,0.5,1024,elu,0.1,64.0,tanh,0.5,64.0,relu,0.1,
76,0.7781094312667847,0.4884186089038849,0.7847222089767456,1.034873127937317,3,64,elu,0.5,adam,0.1,2,0,3,0,512,elu,0.1,64,elu,0.30000000000000004,512,tanh,0.30000000000000004,512.0,elu,0.1,128.0,tanh,0.1,
77,0.7920398116111755,0.5489471554756165,0.7847222089767456,2.236812114715576,6,1024,tanh,0.5,rmsprop,0.01,2,0,3,0,512,elu,0.1,256,relu,0.5,512,elu,0.1,256.0,relu,0.5,256.0,elu,0.5,
78,0.6507462859153748,0.8949145078659058,0.7777777910232544,0.5020029544830322,4,512,relu,0.5,rmsprop,0.005,2,0,3,0,1024,selu,0.1,1024,tanh,0.5,128,tanh,0.30000000000000004,512.0,elu,0.30000000000000004,64.0,tanh,0.1,
79,0.8059701323509216,0.5373234748840332,0.7708333134651184,0.5034618377685547,1,1024,elu,0.30000000000000004,sgd,0.005,5,2,3,1,128,tanh,0.5,256,selu,0.30000000000000004,128,elu,0.5,256.0,elu,0.1,64.0,relu,0.5,0032
80,0.6059701442718506,0.8126454949378967,0.7638888955116272,0.598921000957489,5,64,relu,0.1,sgd,0.0005,2,0,3,0,1024,selu,0.5,512,selu,0.1,64,selu,0.1,1024.0,selu,0.5,512.0,elu,0.5,
81,0.7164179086685181,0.5570958852767944,0.7638888955116272,0.6093235015869141,2,1024,elu,0.30000000000000004,sgd,0.0005,2,0,3,0,1024,elu,0.5,1024,selu,0.1,256,selu,0.1,64.0,relu,0.1,64.0,tanh,0.30000000000000004,
82,0.6169154047966003,0.6982644200325012,0.7638888955116272,0.5614630579948425,2,64,elu,0.30000000000000004,sgd,0.001,2,0,3,0,128,tanh,0.1,64,selu,0.30000000000000004,1024,selu,0.1,1024.0,selu,0.30000000000000004,64.0,relu,0.30000000000000004,
83,0.6537313461303711,1.6304569244384766,0.7638888955116272,18.38147735595703,5,256,relu,0.1,rmsprop,0.05,2,0,3,0,128,elu,0.5,256,relu,0.30000000000000004,64,selu,0.5,256.0,relu,0.5,256.0,elu,0.1,
84,0.8199005126953125,0.4805246889591217,0.7569444179534912,0.5287455916404724,2,256,elu,0.5,adam,0.005,2,0,3,0,512,elu,0.30000000000000004,64,elu,0.5,512,tanh,0.1,64.0,relu,0.5,512.0,selu,0.30000000000000004,
85,0.6736318469047546,0.8119331002235413,0.75,0.6818476915359497,3,256,tanh,0.1,adam,0.05,2,0,3,0,512,selu,0.1,64,tanh,0.5,256,tanh,0.5,,,,,,,
86,0.772139310836792,0.5666853189468384,0.7361111044883728,1.0607165098190308,6,512,selu,0.1,adam,0.1,5,0,2,0,64,relu,0.30000000000000004,1024,relu,0.1,128,tanh,0.30000000000000004,128.0,relu,0.30000000000000004,128.0,relu,0.5,
87,0.6398009657859802,2.2335450649261475,0.7222222089767456,1.6814839839935303,4,64,relu,0.30000000000000004,adam,0.05,2,0,3,0,512,selu,0.5,64,selu,0.1,1024,tanh,0.5,64.0,relu,0.5,128.0,selu,0.5,
88,0.5880597233772278,3.1645703315734863,0.6875,8.267049789428711,6,128,tanh,0.30000000000000004,adam,0.05,2,0,3,0,512,tanh,0.1,512,tanh,0.30000000000000004,1024,elu,0.1,64.0,relu,0.5,1024.0,selu,0.30000000000000004,
89,0.7980099320411682,0.46464401483535767,0.5138888955116272,2.7863945960998535,4,64,elu,0.1,rmsprop,0.01,2,0,3,0,1024,selu,0.30000000000000004,256,relu,0.30000000000000004,128,elu,0.5,64.0,elu,0.30000000000000004,128.0,relu,0.30000000000000004,
90,0.7950248718261719,0.5270921587944031,0.3333333432674408,26.943593978881836,5,512,elu,0.1,adam,0.1,2,0,3,0,512,relu,0.1,64,relu,0.1,128,elu,0.1,64.0,relu,0.5,256.0,relu,0.30000000000000004,
